source_path,doc_path,doc_class,chunks,links,see_also,has_diagram,in_datasets,last_sync_iso,ok_frontmatter
events/detection,05_events/index.md,spec,4,2,no,no,no,2025-10-09T10:29:24Z,yes
resource.h,01_core/api/cpp/resource.md,api,1,0,no,no,yes,2025-10-09T10:28:07Z,yes
framework/global.h,01_core/api/cpp/framework/global.md,api,1,0,no,no,yes,2025-10-09T10:28:07Z,yes
framework/const.h,01_core/api/cpp/framework/const.md,api,17,0,no,no,yes,2025-10-09T10:28:07Z,yes
framework/pch.h,01_core/api/cpp/framework/pch.md,api,1,0,no,no,yes,2025-10-09T10:28:07Z,yes
android/android_native_app_glue.h,01_core/api/cpp/android/android_native_app_glue.md,api,13,1,no,yes,yes,2025-10-09T10:28:07Z,yes
android/pch.h,01_core/api/cpp/android/pch.md,api,1,0,no,no,yes,2025-10-09T10:28:07Z,yes
client/position.h,01_core/api/cpp/client/position.md,api,35,1,no,yes,yes,2025-10-09T10:28:07Z,yes
client/game.h,01_core/api/cpp/client/game.md,api,233,1,no,yes,yes,2025-10-09T10:28:07Z,yes
client/item.h,01_core/api/cpp/client/item.md,api,69,1,no,yes,yes,2025-10-09T10:28:07Z,yes
client/thingtype.h,01_core/api/cpp/client/thingtype.md,api,107,1,no,yes,yes,2025-10-09T10:28:07Z,yes
client/statictext.h,01_core/api/cpp/client/statictext.md,api,24,1,no,yes,yes,2025-10-09T10:28:07Z,yes
client/localplayer.h,01_core/api/cpp/client/localplayer.md,api,86,1,no,yes,yes,2025-10-09T10:28:07Z,yes
client/uimapanchorlayout.h,01_core/api/cpp/client/uimapanchorlayout.md,api,10,1,no,yes,yes,2025-10-09T10:28:07Z,yes
client/uigraph.h,01_core/api/cpp/client/uigraph.md,api,13,1,no,yes,yes,2025-10-09T10:28:07Z,yes
client/mapview.h,01_core/api/cpp/client/mapview.md,api,60,1,no,yes,yes,2025-10-09T10:28:07Z,yes
client/outfit.h,01_core/api/cpp/client/outfit.md,api,47,1,no,yes,yes,2025-10-09T10:28:07Z,yes
client/protocolgame.h,01_core/api/cpp/client/protocolgame.md,api,274,1,no,yes,yes,2025-10-09T10:28:07Z,yes
client/creature.h,01_core/api/cpp/client/creature.md,api,114,1,no,yes,yes,2025-10-09T10:28:07Z,yes
client/player.h,01_core/api/cpp/client/player.md,api,7,1,no,yes,yes,2025-10-09T10:28:07Z,yes
client/protocolcodes.h,01_core/api/cpp/client/protocolcodes.md,api,14,0,no,no,yes,2025-10-09T10:28:07Z,yes
client/uimap.h,01_core/api/cpp/client/uimap.md,api,58,1,no,yes,yes,2025-10-09T10:28:07Z,yes
client/uisprite.h,01_core/api/cpp/client/uisprite.md,api,14,1,no,yes,yes,2025-10-09T10:28:07Z,yes
client/animatedtext.h,01_core/api/cpp/client/animatedtext.md,api,17,1,no,yes,yes,2025-10-09T10:28:07Z,yes
client/itemtype.h,01_core/api/cpp/client/itemtype.md,api,22,1,no,yes,yes,2025-10-09T10:28:07Z,yes
client/thing.h,01_core/api/cpp/client/thing.md,api,73,1,no,yes,yes,2025-10-09T10:28:07Z,yes
client/global.h,01_core/api/cpp/client/global.md,api,1,0,no,no,yes,2025-10-09T10:28:07Z,yes
client/uiminimap.h,01_core/api/cpp/client/uiminimap.md,api,26,1,no,yes,yes,2025-10-09T10:28:07Z,yes
client/walkmatrix.h,01_core/api/cpp/client/walkmatrix.md,api,13,1,no,yes,yes,2025-10-09T10:28:07Z,yes
client/minimap.h,01_core/api/cpp/client/minimap.md,api,40,1,no,yes,yes,2025-10-09T10:28:07Z,yes
client/tile.h,01_core/api/cpp/client/tile.md,api,87,1,no,yes,yes,2025-10-09T10:28:07Z,yes
client/const.h,01_core/api/cpp/client/const.md,api,42,0,no,no,yes,2025-10-09T10:28:07Z,yes
client/towns.h,01_core/api/cpp/client/towns.md,api,18,1,no,yes,yes,2025-10-09T10:28:07Z,yes
client/uiitem.h,01_core/api/cpp/client/uiitem.md,api,24,1,no,yes,yes,2025-10-09T10:28:07Z,yes
client/creatures.h,01_core/api/cpp/client/creatures.md,api,49,1,no,yes,yes,2025-10-09T10:28:07Z,yes
client/missile.h,01_core/api/cpp/client/missile.md,api,13,1,no,yes,yes,2025-10-09T10:28:07Z,yes
client/uiprogressrect.h,01_core/api/cpp/client/uiprogressrect.md,api,9,1,no,yes,yes,2025-10-09T10:28:07Z,yes
client/uicreature.h,01_core/api/cpp/client/uicreature.md,api,23,1,no,yes,yes,2025-10-09T10:28:07Z,yes
client/declarations.h,01_core/api/cpp/client/declarations.md,api,86,1,no,yes,yes,2025-10-09T10:28:07Z,yes
client/lightview.h,01_core/api/cpp/client/lightview.md,api,12,1,no,yes,yes,2025-10-09T10:28:07Z,yes
client/animator.h,01_core/api/cpp/client/animator.md,api,23,1,no,yes,yes,2025-10-09T10:28:07Z,yes
client/thingtypemanager.h,01_core/api/cpp/client/thingtypemanager.md,api,31,1,no,yes,yes,2025-10-09T10:28:07Z,yes
client/houses.h,01_core/api/cpp/client/houses.md,api,38,1,no,yes,yes,2025-10-09T10:28:07Z,yes
client/healthbars.h,01_core/api/cpp/client/healthbars.md,api,30,1,no,yes,yes,2025-10-09T10:28:07Z,yes
client/client.h,01_core/api/cpp/client/client.md,api,8,1,no,yes,yes,2025-10-09T10:28:07Z,yes
client/map.h,01_core/api/cpp/client/map.md,api,98,1,no,yes,yes,2025-10-09T10:28:07Z,yes
client/effect.h,01_core/api/cpp/client/effect.md,api,12,1,no,yes,yes,2025-10-09T10:28:07Z,yes
client/thingstype.h,01_core/api/cpp/client/thingstype.md,api,15,1,no,yes,yes,2025-10-09T10:28:07Z,yes
client/container.h,01_core/api/cpp/client/container.md,api,27,1,no,yes,yes,2025-10-09T10:28:07Z,yes
client/spritemanager.h,01_core/api/cpp/client/spritemanager.md,api,23,1,no,yes,yes,2025-10-09T10:28:07Z,yes
client/luavaluecasts_client.h,01_core/api/cpp/client/luavaluecasts_client.md,api,17,0,no,no,yes,2025-10-09T10:28:07Z,yes
framework/xml/tinyxml.h,01_core/api/cpp/framework/xml/tinyxml.md,api,134,1,no,yes,yes,2025-10-09T10:28:07Z,yes
framework/xml/tinystr.h,01_core/api/cpp/framework/xml/tinystr.md,api,31,1,no,yes,yes,2025-10-09T10:28:07Z,yes
framework/sound/soundsource.h,01_core/api/cpp/framework/sound/soundsource.md,api,13,1,no,yes,yes,2025-10-09T10:28:07Z,yes
framework/sound/oggsoundfile.h,01_core/api/cpp/framework/sound/oggsoundfile.md,api,12,1,no,yes,yes,2025-10-09T10:28:07Z,yes
framework/sound/soundchannel.h,01_core/api/cpp/framework/sound/soundchannel.md,api,17,1,no,yes,yes,2025-10-09T10:28:07Z,yes
framework/sound/soundfile.h,01_core/api/cpp/framework/sound/soundfile.md,api,13,1,no,yes,yes,2025-10-09T10:28:07Z,yes
framework/sound/soundbuffer.h,01_core/api/cpp/framework/sound/soundbuffer.md,api,8,1,no,yes,yes,2025-10-09T10:28:07Z,yes
framework/sound/combinedsoundsource.h,01_core/api/cpp/framework/sound/combinedsoundsource.md,api,19,1,no,yes,yes,2025-10-09T10:28:07Z,yes
framework/sound/declarations.h,01_core/api/cpp/framework/sound/declarations.md,api,19,1,no,yes,yes,2025-10-09T10:28:07Z,yes
framework/sound/soundmanager.h,01_core/api/cpp/framework/sound/soundmanager.md,api,19,1,no,yes,yes,2025-10-09T10:28:07Z,yes
framework/sound/streamsoundsource.h,01_core/api/cpp/framework/sound/streamsoundsource.md,api,16,1,no,yes,yes,2025-10-09T10:28:07Z,yes
framework/graphics/painter.h,01_core/api/cpp/framework/graphics/painter.md,api,95,1,no,yes,yes,2025-10-09T10:28:07Z,yes
framework/graphics/hardwarebuffer.h,01_core/api/cpp/framework/graphics/hardwarebuffer.md,api,11,1,no,yes,yes,2025-10-09T10:28:07Z,yes
framework/graphics/graphics.h,01_core/api/cpp/framework/graphics/graphics.md,api,18,1,no,yes,yes,2025-10-09T10:28:07Z,yes
framework/graphics/drawcache.h,01_core/api/cpp/framework/graphics/drawcache.md,api,16,1,no,yes,yes,2025-10-09T10:28:07Z,yes
framework/graphics/atlas.h,01_core/api/cpp/framework/graphics/atlas.md,api,18,1,no,yes,yes,2025-10-09T10:28:07Z,yes
framework/graphics/fontmanager.h,01_core/api/cpp/framework/graphics/fontmanager.md,api,12,1,no,yes,yes,2025-10-09T10:28:07Z,yes
framework/graphics/cachedtext.h,01_core/api/cpp/framework/graphics/cachedtext.md,api,17,1,no,yes,yes,2025-10-09T10:28:07Z,yes
framework/graphics/shader.h,01_core/api/cpp/framework/graphics/shader.md,api,12,1,no,yes,yes,2025-10-09T10:28:07Z,yes
framework/graphics/framebuffer.h,01_core/api/cpp/framework/graphics/framebuffer.md,api,22,1,no,yes,yes,2025-10-09T10:28:07Z,yes
framework/graphics/textrender.h,01_core/api/cpp/framework/graphics/textrender.md,api,13,1,no,yes,yes,2025-10-09T10:28:07Z,yes
framework/graphics/colorarray.h,01_core/api/cpp/framework/graphics/colorarray.md,api,11,1,no,yes,yes,2025-10-09T10:28:07Z,yes
framework/graphics/texturemanager.h,01_core/api/cpp/framework/graphics/texturemanager.md,api,12,1,no,yes,yes,2025-10-09T10:28:07Z,yes
framework/graphics/shadermanager.h,01_core/api/cpp/framework/graphics/shadermanager.md,api,12,1,no,yes,yes,2025-10-09T10:28:07Z,yes
framework/graphics/texture.h,01_core/api/cpp/framework/graphics/texture.md,api,23,1,no,yes,yes,2025-10-09T10:28:07Z,yes
framework/graphics/coordsbuffer.h,01_core/api/cpp/framework/graphics/coordsbuffer.md,api,19,1,no,yes,yes,2025-10-09T10:28:07Z,yes
framework/graphics/image.h,01_core/api/cpp/framework/graphics/image.md,api,22,1,no,yes,yes,2025-10-09T10:28:07Z,yes
framework/graphics/paintershaderprogram.h,01_core/api/cpp/framework/graphics/paintershaderprogram.md,api,20,1,no,yes,yes,2025-10-09T10:28:07Z,yes
framework/graphics/framebuffermanager.h,01_core/api/cpp/framework/graphics/framebuffermanager.md,api,9,1,no,yes,yes,2025-10-09T10:28:07Z,yes
framework/graphics/apngloader.h,01_core/api/cpp/framework/graphics/apngloader.md,api,8,1,no,yes,yes,2025-10-09T10:28:07Z,yes
framework/graphics/graph.h,01_core/api/cpp/framework/graphics/graph.md,api,10,1,no,yes,yes,2025-10-09T10:28:07Z,yes
framework/graphics/drawqueue.h,01_core/api/cpp/framework/graphics/drawqueue.md,api,69,1,no,yes,yes,2025-10-09T10:28:07Z,yes
framework/graphics/bitmapfont.h,01_core/api/cpp/framework/graphics/bitmapfont.md,api,19,1,no,yes,yes,2025-10-09T10:28:07Z,yes
framework/graphics/declarations.h,01_core/api/cpp/framework/graphics/declarations.md,api,25,1,no,yes,yes,2025-10-09T10:28:07Z,yes
framework/graphics/vertexarray.h,01_core/api/cpp/framework/graphics/vertexarray.md,api,16,1,no,yes,yes,2025-10-09T10:28:07Z,yes
framework/graphics/shaderprogram.h,01_core/api/cpp/framework/graphics/shaderprogram.md,api,52,1,no,yes,yes,2025-10-09T10:28:07Z,yes
framework/graphics/deptharray.h,01_core/api/cpp/framework/graphics/deptharray.md,api,10,1,no,yes,yes,2025-10-09T10:28:07Z,yes
framework/graphics/glutil.h,01_core/api/cpp/framework/graphics/glutil.md,api,1,0,no,no,yes,2025-10-09T10:28:07Z,yes
framework/graphics/animatedtexture.h,01_core/api/cpp/framework/graphics/animatedtexture.md,api,7,1,no,yes,yes,2025-10-09T10:28:07Z,yes
framework/proxy/proxy.h,01_core/api/cpp/framework/proxy/proxy.md,api,18,1,no,yes,yes,2025-10-09T10:28:07Z,yes
framework/proxy/proxy_client.h,01_core/api/cpp/framework/proxy/proxy_client.md,api,51,1,no,yes,yes,2025-10-09T10:28:07Z,yes
framework/platform/win32window.h,01_core/api/cpp/framework/platform/win32window.md,api,44,1,no,yes,yes,2025-10-09T10:28:07Z,yes
framework/platform/x11window.h,01_core/api/cpp/framework/platform/x11window.md,api,39,1,no,yes,yes,2025-10-09T10:28:07Z,yes
framework/platform/crashhandler.h,01_core/api/cpp/framework/platform/crashhandler.md,api,4,0,no,no,yes,2025-10-09T10:28:07Z,yes
framework/platform/sdlwindow.h,01_core/api/cpp/framework/platform/sdlwindow.md,api,44,1,no,yes,yes,2025-10-09T10:28:07Z,yes
framework/platform/androidwindow.h,01_core/api/cpp/framework/platform/androidwindow.md,api,48,1,no,yes,yes,2025-10-09T10:28:07Z,yes
framework/platform/platform.h,01_core/api/cpp/framework/platform/platform.md,api,28,1,no,yes,yes,2025-10-09T10:28:07Z,yes
framework/platform/platformwindow.h,01_core/api/cpp/framework/platform/platformwindow.md,api,38,1,no,yes,yes,2025-10-09T10:28:07Z,yes
framework/ui/uilayout.h,01_core/api/cpp/framework/ui/uilayout.md,api,13,1,no,yes,yes,2025-10-09T10:28:07Z,yes
framework/ui/uihorizontallayout.h,01_core/api/cpp/framework/ui/uihorizontallayout.md,api,9,1,no,yes,yes,2025-10-09T10:28:07Z,yes
framework/ui/uianchorlayout.h,01_core/api/cpp/framework/ui/uianchorlayout.md,api,19,1,no,yes,yes,2025-10-09T10:28:07Z,yes
framework/ui/uiwidget.h,01_core/api/cpp/framework/ui/uiwidget.md,api,323,1,no,yes,yes,2025-10-09T10:28:07Z,yes
framework/ui/uiboxlayout.h,01_core/api/cpp/framework/ui/uiboxlayout.md,api,11,1,no,yes,yes,2025-10-09T10:28:07Z,yes
framework/ui/uitextedit.h,01_core/api/cpp/framework/ui/uitextedit.md,api,63,1,no,yes,yes,2025-10-09T10:28:07Z,yes
framework/ui/uigridlayout.h,01_core/api/cpp/framework/ui/uigridlayout.md,api,22,1,no,yes,yes,2025-10-09T10:28:07Z,yes
framework/ui/uimanager.h,01_core/api/cpp/framework/ui/uimanager.md,api,41,1,no,yes,yes,2025-10-09T10:28:07Z,yes
framework/ui/uiverticallayout.h,01_core/api/cpp/framework/ui/uiverticallayout.md,api,10,1,no,yes,yes,2025-10-09T10:28:07Z,yes
framework/ui/uitranslator.h,01_core/api/cpp/framework/ui/uitranslator.md,api,8,0,no,no,yes,2025-10-09T10:28:07Z,yes
framework/ui/ui.h,01_core/api/cpp/framework/ui/ui.md,api,1,0,no,no,yes,2025-10-09T10:28:07Z,yes
framework/ui/declarations.h,01_core/api/cpp/framework/ui/declarations.md,api,27,1,no,yes,yes,2025-10-09T10:28:07Z,yes
framework/core/inputevent.h,01_core/api/cpp/framework/core/inputevent.md,api,6,1,no,yes,yes,2025-10-09T10:28:07Z,yes
framework/core/application.h,01_core/api/cpp/framework/core/application.md,api,26,1,no,yes,yes,2025-10-09T10:28:07Z,yes
framework/core/eventdispatcher.h,01_core/api/cpp/framework/core/eventdispatcher.md,api,11,1,no,yes,yes,2025-10-09T10:28:07Z,yes
framework/core/timer.h,01_core/api/cpp/framework/core/timer.md,api,12,1,no,yes,yes,2025-10-09T10:28:07Z,yes
framework/core/filestream.h,01_core/api/cpp/framework/core/filestream.md,api,43,1,no,yes,yes,2025-10-09T10:28:07Z,yes
framework/core/clock.h,01_core/api/cpp/framework/core/clock.md,api,11,1,no,yes,yes,2025-10-09T10:28:07Z,yes
framework/core/scheduledevent.h,01_core/api/cpp/framework/core/scheduledevent.md,api,14,1,no,yes,yes,2025-10-09T10:28:07Z,yes
framework/core/configmanager.h,01_core/api/cpp/framework/core/configmanager.md,api,14,1,no,yes,yes,2025-10-09T10:28:07Z,yes
framework/core/resourcemanager.h,01_core/api/cpp/framework/core/resourcemanager.md,api,54,1,no,yes,yes,2025-10-09T10:28:07Z,yes
framework/core/graphicalapplication.h,01_core/api/cpp/framework/core/graphicalapplication.md,api,29,1,no,yes,yes,2025-10-09T10:28:07Z,yes
framework/core/config.h,01_core/api/cpp/framework/core/config.md,api,22,1,no,yes,yes,2025-10-09T10:28:07Z,yes
framework/core/event.h,01_core/api/cpp/framework/core/event.md,api,9,1,no,yes,yes,2025-10-09T10:28:07Z,yes
framework/core/consoleapplication.h,01_core/api/cpp/framework/core/consoleapplication.md,api,6,1,no,yes,yes,2025-10-09T10:28:07Z,yes
framework/core/logger.h,01_core/api/cpp/framework/core/logger.md,api,20,1,no,yes,yes,2025-10-09T10:28:07Z,yes
framework/core/asyncdispatcher.h,01_core/api/cpp/framework/core/asyncdispatcher.md,api,13,1,no,yes,yes,2025-10-09T10:28:07Z,yes
framework/core/declarations.h,01_core/api/cpp/framework/core/declarations.md,api,22,1,no,yes,yes,2025-10-09T10:28:07Z,yes
framework/core/modulemanager.h,01_core/api/cpp/framework/core/modulemanager.md,api,15,1,no,yes,yes,2025-10-09T10:28:07Z,yes
framework/core/module.h,01_core/api/cpp/framework/core/module.md,api,25,1,no,yes,yes,2025-10-09T10:28:07Z,yes
framework/core/adaptiverenderer.h,01_core/api/cpp/framework/core/adaptiverenderer.md,api,18,1,no,yes,yes,2025-10-09T10:28:07Z,yes
framework/core/binarytree.h,01_core/api/cpp/framework/core/binarytree.md,api,29,1,no,yes,yes,2025-10-09T10:28:07Z,yes
framework/stdext/shared_object.h,01_core/api/cpp/framework/stdext/shared_object.md,api,23,1,no,yes,yes,2025-10-09T10:28:07Z,yes
framework/stdext/cast.h,01_core/api/cpp/framework/stdext/cast.md,api,21,1,no,yes,yes,2025-10-09T10:28:07Z,yes
framework/stdext/fastrand.h,01_core/api/cpp/framework/stdext/fastrand.md,api,5,0,no,no,yes,2025-10-09T10:28:07Z,yes
framework/stdext/demangle.h,01_core/api/cpp/framework/stdext/demangle.md,api,6,0,no,no,yes,2025-10-09T10:28:07Z,yes
framework/stdext/packed_any.h,01_core/api/cpp/framework/stdext/packed_any.md,api,12,1,no,yes,yes,2025-10-09T10:28:07Z,yes
framework/stdext/packed_storage.h,01_core/api/cpp/framework/stdext/packed_storage.md,api,15,1,no,yes,yes,2025-10-09T10:28:07Z,yes
framework/stdext/string.h,01_core/api/cpp/framework/stdext/string.md,api,28,0,no,no,yes,2025-10-09T10:28:07Z,yes
framework/stdext/compiler.h,01_core/api/cpp/framework/stdext/compiler.md,api,1,0,no,no,yes,2025-10-09T10:28:07Z,yes
framework/stdext/dumper.h,01_core/api/cpp/framework/stdext/dumper.md,api,6,1,no,yes,yes,2025-10-09T10:28:07Z,yes
framework/stdext/math.h,01_core/api/cpp/framework/stdext/math.md,api,23,0,no,no,yes,2025-10-09T10:28:07Z,yes
framework/stdext/thread.h,01_core/api/cpp/framework/stdext/thread.md,api,1,0,no,no,yes,2025-10-09T10:28:07Z,yes
framework/stdext/stdext.h,01_core/api/cpp/framework/stdext/stdext.md,api,1,0,no,no,yes,2025-10-09T10:28:07Z,yes
framework/stdext/any.h,01_core/api/cpp/framework/stdext/any.md,api,11,1,no,yes,yes,2025-10-09T10:28:07Z,yes
framework/stdext/dynamic_storage.h,01_core/api/cpp/framework/stdext/dynamic_storage.md,api,11,1,no,yes,yes,2025-10-09T10:28:07Z,yes
framework/stdext/format.h,01_core/api/cpp/framework/stdext/format.md,api,15,0,no,no,yes,2025-10-09T10:28:07Z,yes
framework/stdext/time.h,01_core/api/cpp/framework/stdext/time.md,api,16,1,no,yes,yes,2025-10-09T10:28:07Z,yes
framework/stdext/exception.h,01_core/api/cpp/framework/stdext/exception.md,api,8,1,no,yes,yes,2025-10-09T10:28:07Z,yes
framework/stdext/types.h,01_core/api/cpp/framework/stdext/types.md,api,16,0,no,no,yes,2025-10-09T10:28:07Z,yes
framework/stdext/net.h,01_core/api/cpp/framework/stdext/net.md,api,7,0,no,no,yes,2025-10-09T10:28:07Z,yes
framework/stdext/uri.h,01_core/api/cpp/framework/stdext/uri.md,api,6,1,no,yes,yes,2025-10-09T10:28:07Z,yes
framework/stdext/traits.h,01_core/api/cpp/framework/stdext/traits.md,api,3,0,no,no,yes,2025-10-09T10:28:07Z,yes
framework/stdext/boolean.h,01_core/api/cpp/framework/stdext/boolean.md,api,6,1,no,yes,yes,2025-10-09T10:28:07Z,yes
framework/net/packet_player.h,01_core/api/cpp/framework/net/packet_player.md,api,9,1,no,yes,yes,2025-10-09T10:28:07Z,yes
framework/net/inputmessage.h,01_core/api/cpp/framework/net/inputmessage.md,api,38,1,no,yes,yes,2025-10-09T10:28:07Z,yes
framework/net/outputmessage.h,01_core/api/cpp/framework/net/outputmessage.md,api,25,1,no,yes,yes,2025-10-09T10:28:07Z,yes
framework/net/packet_recorder.h,01_core/api/cpp/framework/net/packet_recorder.md,api,7,1,no,yes,yes,2025-10-09T10:28:07Z,yes
framework/net/server.h,01_core/api/cpp/framework/net/server.md,api,9,1,no,yes,yes,2025-10-09T10:28:07Z,yes
framework/net/declarations.h,01_core/api/cpp/framework/net/declarations.md,api,20,1,no,yes,yes,2025-10-09T10:28:07Z,yes
framework/net/protocol.h,01_core/api/cpp/framework/net/protocol.md,api,30,1,no,yes,yes,2025-10-09T10:28:07Z,yes
framework/net/connection.h,01_core/api/cpp/framework/net/connection.md,api,32,1,no,yes,yes,2025-10-09T10:28:07Z,yes
framework/otml/otmlparser.h,01_core/api/cpp/framework/otml/otmlparser.md,api,10,1,no,yes,yes,2025-10-09T10:28:07Z,yes
framework/otml/otmlemitter.h,01_core/api/cpp/framework/otml/otmlemitter.md,api,6,1,no,yes,yes,2025-10-09T10:28:07Z,yes
framework/otml/otml.h,01_core/api/cpp/framework/otml/otml.md,api,1,0,no,no,yes,2025-10-09T10:28:07Z,yes
framework/otml/otmlnode.h,01_core/api/cpp/framework/otml/otmlnode.md,api,45,1,no,yes,yes,2025-10-09T10:28:07Z,yes
framework/otml/otmldocument.h,01_core/api/cpp/framework/otml/otmldocument.md,api,11,1,no,yes,yes,2025-10-09T10:28:07Z,yes
framework/otml/declarations.h,01_core/api/cpp/framework/otml/declarations.md,api,11,1,no,yes,yes,2025-10-09T10:28:07Z,yes
framework/otml/otmlexception.h,01_core/api/cpp/framework/otml/otmlexception.md,api,4,1,no,yes,yes,2025-10-09T10:28:07Z,yes
framework/luaengine/luavaluecasts.h,01_core/api/cpp/framework/luaengine/luavaluecasts.md,api,84,1,no,yes,yes,2025-10-09T10:28:07Z,yes
framework/luaengine/luabinder.h,01_core/api/cpp/framework/luaengine/luabinder.md,api,39,1,no,yes,yes,2025-10-09T10:28:07Z,yes
framework/luaengine/luaexception.h,01_core/api/cpp/framework/luaengine/luaexception.md,api,8,1,no,yes,yes,2025-10-09T10:28:07Z,yes
framework/luaengine/luaobject.h,01_core/api/cpp/framework/luaengine/luaobject.md,api,31,1,no,yes,yes,2025-10-09T10:28:07Z,yes
framework/luaengine/declarations.h,01_core/api/cpp/framework/luaengine/declarations.md,api,9,1,no,yes,yes,2025-10-09T10:28:07Z,yes
framework/luaengine/lbitlib.h,01_core/api/cpp/framework/luaengine/lbitlib.md,api,6,1,no,yes,yes,2025-10-09T10:28:07Z,yes
framework/luaengine/luainterface.h,01_core/api/cpp/framework/luaengine/luainterface.md,api,145,1,no,yes,yes,2025-10-09T10:28:07Z,yes
framework/input/mouse.h,01_core/api/cpp/framework/input/mouse.md,api,13,1,no,yes,yes,2025-10-09T10:28:07Z,yes
framework/util/framecounter.h,01_core/api/cpp/framework/util/framecounter.md,api,7,1,no,yes,yes,2025-10-09T10:28:07Z,yes
framework/util/qrcodegen.h,01_core/api/cpp/framework/util/qrcodegen.md,api,22,1,no,yes,yes,2025-10-09T10:28:07Z,yes
framework/util/pngunpacker.h,01_core/api/cpp/framework/util/pngunpacker.md,api,9,1,no,yes,yes,2025-10-09T10:28:07Z,yes
framework/util/color.h,01_core/api/cpp/framework/util/color.md,api,32,1,no,yes,yes,2025-10-09T10:28:07Z,yes
framework/util/stats.h,01_core/api/cpp/framework/util/stats.md,api,32,1,no,yes,yes,2025-10-09T10:28:07Z,yes
framework/util/size.h,01_core/api/cpp/framework/util/size.md,api,23,1,no,yes,yes,2025-10-09T10:28:07Z,yes
framework/util/databuffer.h,01_core/api/cpp/framework/util/databuffer.md,api,13,1,no,yes,yes,2025-10-09T10:28:07Z,yes
framework/util/matrix.h,01_core/api/cpp/framework/util/matrix.md,api,19,1,no,yes,yes,2025-10-09T10:28:07Z,yes
framework/util/extras.h,01_core/api/cpp/framework/util/extras.md,api,9,1,no,yes,yes,2025-10-09T10:28:07Z,yes
framework/util/rect.h,01_core/api/cpp/framework/util/rect.md,api,95,1,no,yes,yes,2025-10-09T10:28:07Z,yes
framework/util/crypt.h,01_core/api/cpp/framework/util/crypt.md,api,32,1,no,yes,yes,2025-10-09T10:28:07Z,yes
framework/util/point.h,01_core/api/cpp/framework/util/point.md,api,14,1,no,yes,yes,2025-10-09T10:28:07Z,yes
framework/http/session.h,01_core/api/cpp/framework/http/session.md,api,15,1,no,yes,yes,2025-10-09T10:28:07Z,yes
framework/http/result.h,01_core/api/cpp/framework/http/result.md,api,8,1,no,yes,yes,2025-10-09T10:28:07Z,yes
framework/http/http.h,01_core/api/cpp/framework/http/http.md,api,18,1,no,yes,yes,2025-10-09T10:28:07Z,yes
framework/http/websocket.h,01_core/api/cpp/framework/http/websocket.md,api,19,1,no,yes,yes,2025-10-09T10:28:07Z,yes
framework/graphics/shaders/outfits.h,01_core/api/cpp/framework/graphics/shaders/outfits.md,api,4,0,no,no,yes,2025-10-09T10:28:07Z,yes
framework/graphics/shaders/newshader.h,01_core/api/cpp/framework/graphics/shaders/newshader.md,api,8,0,no,no,yes,2025-10-09T10:28:07Z,yes
framework/graphics/shaders/shadersources.h,01_core/api/cpp/framework/graphics/shaders/shadersources.md,api,19,0,no,no,yes,2025-10-09T10:28:07Z,yes
framework/graphics/shaders/shaders.h,01_core/api/cpp/framework/graphics/shaders/shaders.md,api,1,0,no,no,yes,2025-10-09T10:28:07Z,yes
game_walking/walking.lua,03_modules/lua/game_walking/walking.md,spec,40,0,no,no,yes,2025-10-09T10:29:06Z,yes
game_battle/battle.lua,03_modules/lua/game_battle/battle.md,spec,58,0,no,no,yes,2025-10-09T10:29:05Z,yes
corelib/struct.lua,03_modules/lua/corelib/struct.md,spec,18,0,no,no,yes,2025-10-09T10:29:05Z,yes
corelib/inputmessage.lua,03_modules/lua/corelib/inputmessage.md,spec,3,0,no,no,yes,2025-10-09T10:29:04Z,yes
corelib/outputmessage.lua,03_modules/lua/corelib/outputmessage.md,spec,3,0,no,no,yes,2025-10-09T10:29:05Z,yes
corelib/bitwise.lua,03_modules/lua/corelib/bitwise.md,spec,8,0,no,no,yes,2025-10-09T10:29:04Z,yes
corelib/globals.lua,03_modules/lua/corelib/globals.md,spec,13,0,no,no,yes,2025-10-09T10:29:04Z,yes
corelib/test.lua,03_modules/lua/corelib/test.md,spec,7,0,no,no,yes,2025-10-09T10:29:05Z,yes
corelib/string.lua,03_modules/lua/corelib/string.md,spec,3,0,no,no,yes,2025-10-09T10:29:05Z,yes
corelib/config.lua,03_modules/lua/corelib/config.md,spec,8,0,no,no,yes,2025-10-09T10:29:04Z,yes
corelib/math.lua,03_modules/lua/corelib/math.md,spec,8,0,no,no,yes,2025-10-09T10:29:05Z,yes
corelib/http.lua,03_modules/lua/corelib/http.md,spec,44,0,no,no,yes,2025-10-09T10:29:04Z,yes
corelib/const.lua,03_modules/lua/corelib/const.md,spec,1,0,no,no,yes,2025-10-09T10:29:04Z,yes
corelib/mouse.lua,03_modules/lua/corelib/mouse.md,spec,9,0,no,no,yes,2025-10-09T10:29:05Z,yes
corelib/table.lua,03_modules/lua/corelib/table.md,spec,31,0,no,no,yes,2025-10-09T10:29:05Z,yes
corelib/util.lua,03_modules/lua/corelib/util.md,spec,40,0,no,no,yes,2025-10-09T10:29:05Z,yes
corelib/json.lua,03_modules/lua/corelib/json.md,spec,30,0,no,no,yes,2025-10-09T10:29:05Z,yes
corelib/settings.lua,03_modules/lua/corelib/settings.md,spec,1,0,no,no,yes,2025-10-09T10:29:05Z,yes
corelib/net.lua,03_modules/lua/corelib/net.md,spec,3,0,no,no,yes,2025-10-09T10:29:05Z,yes
corelib/orderedtable.lua,03_modules/lua/corelib/orderedtable.md,spec,5,0,no,no,yes,2025-10-09T10:29:05Z,yes
corelib/keyboard.lua,03_modules/lua/corelib/keyboard.md,spec,50,0,no,no,yes,2025-10-09T10:29:05Z,yes
corelib/base64.lua,03_modules/lua/corelib/base64.md,spec,13,0,no,no,yes,2025-10-09T10:29:04Z,yes
client_profiles/profiles.lua,03_modules/lua/client_profiles/profiles.md,spec,26,0,no,no,yes,2025-10-09T10:29:04Z,yes
client_styles/styles.lua,03_modules/lua/client_styles/styles.md,spec,11,0,no,no,yes,2025-10-09T10:29:04Z,yes
game_buttons/buttons.lua,03_modules/lua/game_buttons/buttons.md,spec,10,0,no,no,yes,2025-10-09T10:29:05Z,yes
game_spelllist/spelllist.lua,03_modules/lua/game_spelllist/spelllist.md,spec,26,0,no,no,yes,2025-10-09T10:29:06Z,yes
game_npctrade/npctrade.lua,03_modules/lua/game_npctrade/npctrade.md,spec,67,0,no,no,yes,2025-10-09T10:29:05Z,yes
client_entergame/entergame.lua,03_modules/lua/client_entergame/entergame.md,spec,67,0,no,no,yes,2025-10-09T10:29:04Z,yes
client_entergame/characterlist.lua,03_modules/lua/client_entergame/characterlist.md,spec,69,0,no,no,yes,2025-10-09T10:29:04Z,yes
client_options/options.lua,03_modules/lua/client_options/options.md,spec,38,0,no,no,yes,2025-10-09T10:29:04Z,yes
client_feedback/feedback.lua,03_modules/lua/client_feedback/feedback.md,spec,9,0,no,no,yes,2025-10-09T10:29:04Z,yes
game_healthbars/healthbars.lua,03_modules/lua/game_healthbars/healthbars.md,spec,4,0,no,no,yes,2025-10-09T10:29:04Z,yes
game_skills/skills.lua,03_modules/lua/game_skills/skills.md,spec,82,0,no,no,yes,2025-10-09T10:29:06Z,yes
game_protocol/protocol.lua,03_modules/lua/game_protocol/protocol.md,spec,14,0,no,no,yes,2025-10-09T10:29:06Z,yes
game_containers/containers.lua,03_modules/lua/game_containers/containers.md,spec,55,0,no,no,yes,2025-10-09T10:29:05Z,yes
gamelib/position.lua,03_modules/lua/gamelib/position.md,spec,11,0,no,no,yes,2025-10-09T10:29:06Z,yes
gamelib/game.lua,03_modules/lua/gamelib/game.md,spec,11,0,no,no,yes,2025-10-09T10:29:06Z,yes
gamelib/protocolgame.lua,03_modules/lua/gamelib/protocolgame.md,spec,11,0,no,no,yes,2025-10-09T10:29:06Z,yes
gamelib/creature.lua,03_modules/lua/gamelib/creature.md,spec,17,0,no,no,yes,2025-10-09T10:29:06Z,yes
gamelib/player.lua,03_modules/lua/gamelib/player.md,spec,3,0,no,no,yes,2025-10-09T10:29:06Z,yes
gamelib/spells.lua,03_modules/lua/gamelib/spells.md,spec,25,0,no,no,yes,2025-10-09T10:29:06Z,yes
gamelib/textmessages.lua,03_modules/lua/gamelib/textmessages.md,spec,7,0,no,no,yes,2025-10-09T10:29:06Z,yes
gamelib/thing.lua,03_modules/lua/gamelib/thing.md,spec,1,0,no,no,yes,2025-10-09T10:29:06Z,yes
gamelib/const.lua,03_modules/lua/gamelib/const.md,spec,3,0,no,no,yes,2025-10-09T10:29:06Z,yes
gamelib/protocollogin.lua,03_modules/lua/gamelib/protocollogin.md,spec,16,0,no,no,yes,2025-10-09T10:29:06Z,yes
gamelib/util.lua,03_modules/lua/gamelib/util.md,spec,4,0,no,no,yes,2025-10-09T10:29:06Z,yes
gamelib/market.lua,03_modules/lua/gamelib/market.md,spec,11,0,no,no,yes,2025-10-09T10:29:06Z,yes
gamelib/protocol.lua,03_modules/lua/gamelib/protocol.md,spec,1,0,no,no,yes,2025-10-09T10:29:06Z,yes
game_console/console.lua,03_modules/lua/game_console/console.md,spec,152,0,no,no,yes,2025-10-09T10:29:05Z,yes
game_hotkeys/hotkeys_extra.lua,03_modules/lua/game_hotkeys/hotkeys_extra.md,spec,14,0,no,no,yes,2025-10-09T10:29:05Z,yes
game_hotkeys/hotkeys_manager.lua,03_modules/lua/game_hotkeys/hotkeys_manager.md,spec,70,0,no,no,yes,2025-10-09T10:29:05Z,yes
game_questlog/questlog.lua,03_modules/lua/game_questlog/questlog.md,spec,39,0,no,no,yes,2025-10-09T10:29:06Z,yes
game_viplist/viplist.lua,03_modules/lua/game_viplist/viplist.md,spec,49,0,no,no,yes,2025-10-09T10:29:06Z,yes
game_ruleviolation/ruleviolation.lua,03_modules/lua/game_ruleviolation/ruleviolation.md,spec,24,0,no,no,yes,2025-10-09T10:29:06Z,yes
game_shaders/shaders.lua,03_modules/lua/game_shaders/shaders.md,spec,4,0,no,no,yes,2025-10-09T10:29:06Z,yes
game_outfit/outfit.lua,03_modules/lua/game_outfit/outfit.md,spec,132,0,no,no,yes,2025-10-09T10:29:06Z,yes
client/client.lua,03_modules/lua/client/client.md,spec,19,0,no,no,yes,2025-10-09T10:29:04Z,yes
game_features/features.lua,03_modules/lua/game_features/features.md,spec,8,0,no,no,yes,2025-10-09T10:29:05Z,yes
client_mobile/mobile.lua,03_modules/lua/client_mobile/mobile.md,spec,32,0,no,no,yes,2025-10-09T10:29:04Z,yes
game_actionbar/actionbar.lua,03_modules/lua/game_actionbar/actionbar.md,spec,83,0,no,no,yes,2025-10-09T10:29:05Z,yes
game_stats/stats.lua,03_modules/lua/game_stats/stats.md,spec,9,0,no,no,yes,2025-10-09T10:29:06Z,yes
game_modaldialog/modaldialog.lua,03_modules/lua/game_modaldialog/modaldialog.md,spec,15,0,no,no,yes,2025-10-09T10:29:05Z,yes
game_interface/gameinterface.lua,03_modules/lua/game_interface/gameinterface.md,spec,124,0,no,no,yes,2025-10-09T10:29:05Z,yes
game_imbuing/imbuing.lua,03_modules/lua/game_imbuing/imbuing.md,spec,28,0,no,no,yes,2025-10-09T10:29:05Z,yes
game_bugreport/bugreport.lua,03_modules/lua/game_bugreport/bugreport.md,spec,9,0,no,no,yes,2025-10-09T10:29:05Z,yes
game_itemselector/itemselector.lua,03_modules/lua/game_itemselector/itemselector.md,spec,15,0,no,no,yes,2025-10-09T10:29:05Z,yes
game_healthinfo/healthinfo.lua,03_modules/lua/game_healthinfo/healthinfo.md,spec,47,0,no,no,yes,2025-10-09T10:29:05Z,yes
game_textmessage/textmessage.lua,03_modules/lua/game_textmessage/textmessage.md,spec,19,0,no,no,yes,2025-10-09T10:29:06Z,yes
game_topbar/topbar.lua,03_modules/lua/game_topbar/topbar.md,spec,68,0,no,no,yes,2025-10-09T10:29:06Z,yes
game_playertrade/playertrade.lua,03_modules/lua/game_playertrade/playertrade.md,spec,20,0,no,no,yes,2025-10-09T10:29:06Z,yes
game_cooldown/cooldown.lua,03_modules/lua/game_cooldown/cooldown.md,spec,36,0,no,no,yes,2025-10-09T10:29:05Z,yes
game_inventory/inventory.lua,03_modules/lua/game_inventory/inventory.md,spec,69,0,no,no,yes,2025-10-09T10:29:05Z,yes
client_locales/neededtranslations.lua,03_modules/lua/client_locales/neededtranslations.md,spec,1,0,no,no,yes,2025-10-09T10:29:04Z,yes
client_locales/locales.lua,03_modules/lua/client_locales/locales.md,spec,25,0,no,no,yes,2025-10-09T10:29:04Z,yes
game_market/marketoffer.lua,03_modules/lua/game_market/marketoffer.md,spec,9,0,no,no,yes,2025-10-09T10:29:05Z,yes
game_market/offerstatistic.lua,03_modules/lua/game_market/offerstatistic.md,spec,8,0,no,no,yes,2025-10-09T10:29:05Z,yes
game_market/marketprotocol.lua,03_modules/lua/game_market/marketprotocol.md,spec,28,0,no,no,yes,2025-10-09T10:29:05Z,yes
game_market/market.lua,03_modules/lua/game_market/market.md,spec,140,0,no,no,yes,2025-10-09T10:29:05Z,yes
client_topmenu/topmenu.lua,03_modules/lua/client_topmenu/topmenu.md,spec,42,0,no,no,yes,2025-10-09T10:29:04Z,yes
crash_reporter/crash_reporter.lua,03_modules/lua/crash_reporter/crash_reporter.md,spec,5,0,no,no,yes,2025-10-09T10:29:05Z,yes
client_terminal/commands.lua,03_modules/lua/client_terminal/commands.md,spec,17,0,no,no,yes,2025-10-09T10:29:04Z,yes
client_terminal/terminal.lua,03_modules/lua/client_terminal/terminal.md,spec,35,0,no,no,yes,2025-10-09T10:29:04Z,yes
game_things/things.lua,03_modules/lua/game_things/things.md,spec,7,0,no,no,yes,2025-10-09T10:29:06Z,yes
client_textedit/textedit.lua,03_modules/lua/client_textedit/textedit.md,spec,22,0,no,no,yes,2025-10-09T10:29:04Z,yes
game_prey/prey.lua,03_modules/lua/game_prey/prey.md,spec,80,0,no,no,yes,2025-10-09T10:29:06Z,yes
game_textwindow/textwindow.lua,03_modules/lua/game_textwindow/textwindow.md,spec,20,0,no,no,yes,2025-10-09T10:29:06Z,yes
client_stats/stats.lua,03_modules/lua/client_stats/stats.md,spec,22,0,no,no,yes,2025-10-09T10:29:04Z,yes
game_unjustifiedpoints/unjustifiedpoints.lua,03_modules/lua/game_unjustifiedpoints/unjustifiedpoints.md,spec,27,0,no,no,yes,2025-10-09T10:29:06Z,yes
client_background/background.lua,03_modules/lua/client_background/background.md,spec,18,0,no,no,yes,2025-10-09T10:29:04Z,yes
updater/updater.lua,03_modules/lua/updater/updater.md,spec,18,0,no,no,yes,2025-10-09T10:29:06Z,yes
game_shop/shop.lua,03_modules/lua/game_shop/shop.md,spec,75,0,no,no,yes,2025-10-09T10:29:06Z,yes
game_playerdeath/playerdeath.lua,03_modules/lua/game_playerdeath/playerdeath.md,spec,13,0,no,no,yes,2025-10-09T10:29:06Z,yes
game_minimap/minimap.lua,03_modules/lua/game_minimap/minimap.md,spec,22,0,no,no,yes,2025-10-09T10:29:05Z,yes
game_playermount/playermount.lua,03_modules/lua/game_playermount/playermount.md,spec,14,0,no,no,yes,2025-10-09T10:29:06Z,yes
game_bot/bot.lua,03_modules/lua/game_bot/bot.md,spec,169,0,no,no,yes,2025-10-09T10:29:05Z,yes
game_bot/executor.lua,03_modules/lua/game_bot/executor.md,spec,93,0,no,no,yes,2025-10-09T10:29:05Z,yes
corelib/ui/uiminiwindow.lua,03_modules/lua/corelib/ui/uiminiwindow.md,spec,24,0,no,no,yes,2025-10-09T10:29:05Z,yes
corelib/ui/uilabel.lua,03_modules/lua/corelib/ui/uilabel.md,spec,3,0,no,no,yes,2025-10-09T10:29:05Z,yes
corelib/ui/uicheckbox.lua,03_modules/lua/corelib/ui/uicheckbox.md,spec,5,0,no,no,yes,2025-10-09T10:29:05Z,yes
corelib/ui/uiwindow.lua,03_modules/lua/corelib/ui/uiwindow.md,spec,9,0,no,no,yes,2025-10-09T10:29:05Z,yes
corelib/ui/uimessagebox.lua,03_modules/lua/corelib/ui/uimessagebox.md,spec,14,0,no,no,yes,2025-10-09T10:29:05Z,yes
corelib/ui/uiprogressbar.lua,03_modules/lua/corelib/ui/uiprogressbar.md,spec,15,0,no,no,yes,2025-10-09T10:29:05Z,yes
corelib/ui/uiresizeborder.lua,03_modules/lua/corelib/ui/uiresizeborder.md,spec,13,0,no,no,yes,2025-10-09T10:29:05Z,yes
corelib/ui/uisplitter.lua,03_modules/lua/corelib/ui/uisplitter.md,spec,10,0,no,no,yes,2025-10-09T10:29:05Z,yes
corelib/ui/uipopupscrollmenu.lua,03_modules/lua/corelib/ui/uipopupscrollmenu.md,spec,20,0,no,no,yes,2025-10-09T10:29:05Z,yes
corelib/ui/uiscrollarea.lua,03_modules/lua/corelib/ui/uiscrollarea.md,spec,18,0,no,no,yes,2025-10-09T10:29:05Z,yes
corelib/ui/uimovabletabbar.lua,03_modules/lua/corelib/ui/uimovabletabbar.md,spec,32,0,no,no,yes,2025-10-09T10:29:05Z,yes
corelib/ui/uiwidget.lua,03_modules/lua/corelib/ui/uiwidget.md,spec,1,0,no,no,yes,2025-10-09T10:29:05Z,yes
corelib/ui/uipopupmenu.lua,03_modules/lua/corelib/ui/uipopupmenu.md,spec,21,0,no,no,yes,2025-10-09T10:29:05Z,yes
corelib/ui/uiinputbox.lua,03_modules/lua/corelib/ui/uiinputbox.md,spec,17,0,no,no,yes,2025-10-09T10:29:05Z,yes
corelib/ui/uiimageview.lua,03_modules/lua/corelib/ui/uiimageview.md,spec,8,0,no,no,yes,2025-10-09T10:29:05Z,yes
corelib/ui/uiscrollbar.lua,03_modules/lua/corelib/ui/uiscrollbar.md,spec,20,0,no,no,yes,2025-10-09T10:29:05Z,yes
corelib/ui/uitextedit.lua,03_modules/lua/corelib/ui/uitextedit.md,spec,12,0,no,no,yes,2025-10-09T10:29:05Z,yes
corelib/ui/effects.lua,03_modules/lua/corelib/ui/effects.md,spec,12,0,no,no,yes,2025-10-09T10:29:05Z,yes
corelib/ui/uibutton.lua,03_modules/lua/corelib/ui/uibutton.md,spec,5,0,no,no,yes,2025-10-09T10:29:05Z,yes
corelib/ui/uiminiwindowcontainer.lua,03_modules/lua/corelib/ui/uiminiwindowcontainer.md,spec,7,0,no,no,yes,2025-10-09T10:29:05Z,yes
corelib/ui/uiradiogroup.lua,03_modules/lua/corelib/ui/uiradiogroup.md,spec,6,0,no,no,yes,2025-10-09T10:29:05Z,yes
corelib/ui/uitabbar.lua,03_modules/lua/corelib/ui/uitabbar.md,spec,15,0,no,no,yes,2025-10-09T10:29:05Z,yes
corelib/ui/tooltip.lua,03_modules/lua/corelib/ui/tooltip.md,spec,21,0,no,no,yes,2025-10-09T10:29:05Z,yes
corelib/ui/uispinbox.lua,03_modules/lua/corelib/ui/uispinbox.md,spec,21,0,no,no,yes,2025-10-09T10:29:05Z,yes
corelib/ui/uicombobox.lua,03_modules/lua/corelib/ui/uicombobox.md,spec,14,0,no,no,yes,2025-10-09T10:29:05Z,yes
corelib/ui/uitable.lua,03_modules/lua/corelib/ui/uitable.md,spec,19,0,no,no,yes,2025-10-09T10:29:05Z,yes
gamelib/ui/uiminimap.lua,03_modules/lua/gamelib/ui/uiminimap.md,spec,30,0,no,no,yes,2025-10-09T10:29:06Z,yes
gamelib/ui/uiitem.lua,03_modules/lua/gamelib/ui/uiitem.md,spec,14,0,no,no,yes,2025-10-09T10:29:06Z,yes
gamelib/ui/uicreaturebutton.lua,03_modules/lua/gamelib/ui/uicreaturebutton.md,spec,3,0,no,no,yes,2025-10-09T10:29:06Z,yes
game_interface/widgets/uigamemap.lua,03_modules/lua/game_interface/widgets/uigamemap.md,spec,16,0,no,no,yes,2025-10-09T10:29:05Z,yes
game_bot/functions/player_conditions.lua,03_modules/lua/game_bot/functions/player_conditions.md,spec,52,0,no,no,yes,2025-10-09T10:29:05Z,yes
game_bot/functions/script_loader.lua,03_modules/lua/game_bot/functions/script_loader.md,spec,8,0,no,no,yes,2025-10-09T10:29:05Z,yes
game_bot/functions/player.lua,03_modules/lua/game_bot/functions/player.md,spec,57,0,no,no,yes,2025-10-09T10:29:05Z,yes
game_bot/functions/tools.lua,03_modules/lua/game_bot/functions/tools.md,spec,7,0,no,no,yes,2025-10-09T10:29:05Z,yes
game_bot/functions/test.lua,03_modules/lua/game_bot/functions/test.md,spec,3,0,no,no,yes,2025-10-09T10:29:05Z,yes
game_bot/functions/icon.lua,03_modules/lua/game_bot/functions/icon.md,spec,13,0,no,no,yes,2025-10-09T10:29:05Z,yes
game_bot/functions/config.lua,03_modules/lua/game_bot/functions/config.md,spec,38,0,no,no,yes,2025-10-09T10:29:05Z,yes
game_bot/functions/ui_elements.lua,03_modules/lua/game_bot/functions/ui_elements.md,spec,35,0,no,no,yes,2025-10-09T10:29:05Z,yes
game_bot/functions/ui_legacy.lua,03_modules/lua/game_bot/functions/ui_legacy.md,spec,26,0,no,no,yes,2025-10-09T10:29:05Z,yes
game_bot/functions/server.lua,03_modules/lua/game_bot/functions/server.md,spec,8,0,no,no,yes,2025-10-09T10:29:05Z,yes
game_bot/functions/callbacks.lua,03_modules/lua/game_bot/functions/callbacks.md,spec,66,0,no,no,yes,2025-10-09T10:29:05Z,yes
game_bot/functions/ui.lua,03_modules/lua/game_bot/functions/ui.md,spec,9,0,no,no,yes,2025-10-09T10:29:05Z,yes
game_bot/functions/const.lua,03_modules/lua/game_bot/functions/const.md,spec,1,0,no,no,yes,2025-10-09T10:29:05Z,yes
game_bot/functions/ui_windows.lua,03_modules/lua/game_bot/functions/ui_windows.md,spec,6,0,no,no,yes,2025-10-09T10:29:05Z,yes
game_bot/functions/main.lua,03_modules/lua/game_bot/functions/main.md,spec,16,0,no,no,yes,2025-10-09T10:29:05Z,yes
game_bot/functions/sound.lua,03_modules/lua/game_bot/functions/sound.md,spec,6,0,no,no,yes,2025-10-09T10:29:05Z,yes
game_bot/functions/map.lua,03_modules/lua/game_bot/functions/map.md,spec,19,0,no,no,yes,2025-10-09T10:29:05Z,yes
game_bot/functions/npc.lua,03_modules/lua/game_bot/functions/npc.md,spec,12,0,no,no,yes,2025-10-09T10:29:05Z,yes
game_bot/functions/player_inventory.lua,03_modules/lua/game_bot/functions/player_inventory.md,spec,20,0,no,no,yes,2025-10-09T10:29:05Z,yes
game_bot/panels/tools.lua,03_modules/lua/game_bot/panels/tools.md,spec,6,0,no,no,yes,2025-10-09T10:29:05Z,yes
game_bot/panels/war.lua,03_modules/lua/game_bot/panels/war.md,spec,10,0,no,no,yes,2025-10-09T10:29:05Z,yes
game_bot/panels/looting.lua,03_modules/lua/game_bot/panels/looting.md,spec,36,0,no,no,yes,2025-10-09T10:29:05Z,yes
game_bot/panels/waypoints.lua,03_modules/lua/game_bot/panels/waypoints.md,spec,62,0,no,no,yes,2025-10-09T10:29:05Z,yes
game_bot/panels/healing.lua,03_modules/lua/game_bot/panels/healing.md,spec,33,0,no,no,yes,2025-10-09T10:29:05Z,yes
game_bot/panels/basic.lua,03_modules/lua/game_bot/panels/basic.md,spec,9,0,no,no,yes,2025-10-09T10:29:05Z,yes
game_bot/panels/attacking.lua,03_modules/lua/game_bot/panels/attacking.md,spec,65,0,no,no,yes,2025-10-09T10:29:05Z,yes
game_bot/default_configs/vBot_4.7/_Loader.lua,03_modules/lua/game_bot/default_configs/vBot_4.7/_Loader.md,spec,5,0,no,no,yes,2025-10-09T10:29:05Z,yes
game_bot/default_configs/cavebot_1.3/tools.lua,03_modules/lua/game_bot/default_configs/cavebot_1.3/tools.md,spec,6,0,no,no,yes,2025-10-09T10:29:05Z,yes
game_bot/default_configs/cavebot_1.3/mwall_timer.lua,03_modules/lua/game_bot/default_configs/cavebot_1.3/mwall_timer.md,spec,4,0,no,no,yes,2025-10-09T10:29:05Z,yes
game_bot/default_configs/cavebot_1.3/hp.lua,03_modules/lua/game_bot/default_configs/cavebot_1.3/hp.md,spec,6,0,no,no,yes,2025-10-09T10:29:05Z,yes
game_bot/default_configs/cavebot_1.3/cavebot.lua,03_modules/lua/game_bot/default_configs/cavebot_1.3/cavebot.md,spec,4,0,no,no,yes,2025-10-09T10:29:05Z,yes
game_bot/default_configs/cavebot_1.3/main.lua,03_modules/lua/game_bot/default_configs/cavebot_1.3/main.md,spec,1,0,no,no,yes,2025-10-09T10:29:05Z,yes
game_bot/default_configs/vBot_4.8/_Loader.lua,03_modules/lua/game_bot/default_configs/vBot_4.8/_Loader.md,spec,5,0,no,no,yes,2025-10-09T10:29:05Z,yes
game_bot/default_configs/vBot_4.7/cavebot/supply_check.lua,03_modules/lua/game_bot/default_configs/vBot_4.7/cavebot/supply_check.md,spec,13,0,no,no,yes,2025-10-09T10:29:05Z,yes
game_bot/default_configs/vBot_4.7/cavebot/example_functions.lua,03_modules/lua/game_bot/default_configs/vBot_4.7/cavebot/example_functions.md,spec,7,0,no,no,yes,2025-10-09T10:29:05Z,yes
game_bot/default_configs/vBot_4.7/cavebot/imbuing.lua,03_modules/lua/game_bot/default_configs/vBot_4.7/cavebot/imbuing.md,spec,6,0,no,no,yes,2025-10-09T10:29:05Z,yes
game_bot/default_configs/vBot_4.7/cavebot/stand_lure.lua,03_modules/lua/game_bot/default_configs/vBot_4.7/cavebot/stand_lure.md,spec,13,0,no,no,yes,2025-10-09T10:29:05Z,yes
game_bot/default_configs/vBot_4.7/cavebot/d_withdraw.lua,03_modules/lua/game_bot/default_configs/vBot_4.7/cavebot/d_withdraw.md,spec,12,0,no,no,yes,2025-10-09T10:29:05Z,yes
game_bot/default_configs/vBot_4.7/cavebot/doors.lua,03_modules/lua/game_bot/default_configs/vBot_4.7/cavebot/doors.md,spec,7,0,no,no,yes,2025-10-09T10:29:05Z,yes
game_bot/default_configs/vBot_4.7/cavebot/withdraw.lua,03_modules/lua/game_bot/default_configs/vBot_4.7/cavebot/withdraw.md,spec,9,0,no,no,yes,2025-10-09T10:29:05Z,yes
game_bot/default_configs/vBot_4.7/cavebot/travel.lua,03_modules/lua/game_bot/default_configs/vBot_4.7/cavebot/travel.md,spec,3,0,no,no,yes,2025-10-09T10:29:05Z,yes
game_bot/default_configs/vBot_4.7/cavebot/walking.lua,03_modules/lua/game_bot/default_configs/vBot_4.7/cavebot/walking.md,spec,11,0,no,no,yes,2025-10-09T10:29:05Z,yes
game_bot/default_configs/vBot_4.7/cavebot/pos_check.lua,03_modules/lua/game_bot/default_configs/vBot_4.7/cavebot/pos_check.md,spec,9,0,no,no,yes,2025-10-09T10:29:05Z,yes
game_bot/default_configs/vBot_4.7/cavebot/sell_all.lua,03_modules/lua/game_bot/default_configs/vBot_4.7/cavebot/sell_all.md,spec,5,0,no,no,yes,2025-10-09T10:29:05Z,yes
game_bot/default_configs/vBot_4.7/cavebot/bank.lua,03_modules/lua/game_bot/default_configs/vBot_4.7/cavebot/bank.md,spec,13,0,no,no,yes,2025-10-09T10:29:05Z,yes
game_bot/default_configs/vBot_4.7/cavebot/config.lua,03_modules/lua/game_bot/default_configs/vBot_4.7/cavebot/config.md,spec,16,0,no,no,yes,2025-10-09T10:29:05Z,yes
game_bot/default_configs/vBot_4.7/cavebot/depositor.lua,03_modules/lua/game_bot/default_configs/vBot_4.7/cavebot/depositor.md,spec,13,0,no,no,yes,2025-10-09T10:29:05Z,yes
game_bot/default_configs/vBot_4.7/cavebot/minimap.lua,03_modules/lua/game_bot/default_configs/vBot_4.7/cavebot/minimap.md,spec,5,0,no,no,yes,2025-10-09T10:29:05Z,yes
game_bot/default_configs/vBot_4.7/cavebot/inbox_withdraw.lua,03_modules/lua/game_bot/default_configs/vBot_4.7/cavebot/inbox_withdraw.md,spec,9,0,no,no,yes,2025-10-09T10:29:05Z,yes
game_bot/default_configs/vBot_4.7/cavebot/buy_supplies.lua,03_modules/lua/game_bot/default_configs/vBot_4.7/cavebot/buy_supplies.md,spec,6,0,no,no,yes,2025-10-09T10:29:05Z,yes
game_bot/default_configs/vBot_4.7/cavebot/cavebot.lua,03_modules/lua/game_bot/default_configs/vBot_4.7/cavebot/cavebot.md,spec,32,0,no,no,yes,2025-10-09T10:29:05Z,yes
game_bot/default_configs/vBot_4.7/cavebot/lure.lua,03_modules/lua/game_bot/default_configs/vBot_4.7/cavebot/lure.md,spec,3,0,no,no,yes,2025-10-09T10:29:05Z,yes
game_bot/default_configs/vBot_4.7/cavebot/tasker.lua,03_modules/lua/game_bot/default_configs/vBot_4.7/cavebot/tasker.md,spec,14,0,no,no,yes,2025-10-09T10:29:05Z,yes
game_bot/default_configs/vBot_4.7/cavebot/clear_tile.lua,03_modules/lua/game_bot/default_configs/vBot_4.7/cavebot/clear_tile.md,spec,8,0,no,no,yes,2025-10-09T10:29:05Z,yes
game_bot/default_configs/vBot_4.7/cavebot/recorder.lua,03_modules/lua/game_bot/default_configs/vBot_4.7/cavebot/recorder.md,spec,12,0,no,no,yes,2025-10-09T10:29:05Z,yes
game_bot/default_configs/vBot_4.7/cavebot/actions.lua,03_modules/lua/game_bot/default_configs/vBot_4.7/cavebot/actions.md,spec,24,0,no,no,yes,2025-10-09T10:29:05Z,yes
game_bot/default_configs/vBot_4.7/cavebot/extension_template.lua,03_modules/lua/game_bot/default_configs/vBot_4.7/cavebot/extension_template.md,spec,12,0,no,no,yes,2025-10-09T10:29:05Z,yes
game_bot/default_configs/vBot_4.7/cavebot/editor.lua,03_modules/lua/game_bot/default_configs/vBot_4.7/cavebot/editor.md,spec,15,0,no,no,yes,2025-10-09T10:29:05Z,yes
game_bot/default_configs/vBot_4.7/targetbot/target.lua,03_modules/lua/game_bot/default_configs/vBot_4.7/targetbot/target.md,spec,39,0,no,no,yes,2025-10-09T10:29:05Z,yes
game_bot/default_configs/vBot_4.7/targetbot/creature.lua,03_modules/lua/game_bot/default_configs/vBot_4.7/targetbot/creature.md,spec,17,0,no,no,yes,2025-10-09T10:29:05Z,yes
game_bot/default_configs/vBot_4.7/targetbot/creature_attack.lua,03_modules/lua/game_bot/default_configs/vBot_4.7/targetbot/creature_attack.md,spec,11,0,no,no,yes,2025-10-09T10:29:05Z,yes
game_bot/default_configs/vBot_4.7/targetbot/creature_priority.lua,03_modules/lua/game_bot/default_configs/vBot_4.7/targetbot/creature_priority.md,spec,3,0,no,no,yes,2025-10-09T10:29:05Z,yes
game_bot/default_configs/vBot_4.7/targetbot/walking.lua,03_modules/lua/game_bot/default_configs/vBot_4.7/targetbot/walking.md,spec,4,0,no,no,yes,2025-10-09T10:29:05Z,yes
game_bot/default_configs/vBot_4.7/targetbot/creature_editor.lua,03_modules/lua/game_bot/default_configs/vBot_4.7/targetbot/creature_editor.md,spec,9,0,no,no,yes,2025-10-09T10:29:05Z,yes
game_bot/default_configs/vBot_4.7/targetbot/looting.lua,03_modules/lua/game_bot/default_configs/vBot_4.7/targetbot/looting.md,spec,50,0,no,no,yes,2025-10-09T10:29:05Z,yes
game_bot/default_configs/vBot_4.7/vBot/AttackBot.lua,03_modules/lua/game_bot/default_configs/vBot_4.7/vBot/AttackBot.md,spec,75,0,no,no,yes,2025-10-09T10:29:05Z,yes
game_bot/default_configs/vBot_4.7/vBot/eat_food.lua,03_modules/lua/game_bot/default_configs/vBot_4.7/vBot/eat_food.md,spec,5,0,no,no,yes,2025-10-09T10:29:05Z,yes
game_bot/default_configs/vBot_4.7/vBot/alarms.lua,03_modules/lua/game_bot/default_configs/vBot_4.7/vBot/alarms.md,spec,23,0,no,no,yes,2025-10-09T10:29:05Z,yes
game_bot/default_configs/vBot_4.7/vBot/spy_level.lua,03_modules/lua/game_bot/default_configs/vBot_4.7/vBot/spy_level.md,spec,4,0,no,no,yes,2025-10-09T10:29:05Z,yes
game_bot/default_configs/vBot_4.7/vBot/exeta.lua,03_modules/lua/game_bot/default_configs/vBot_4.7/vBot/exeta.md,spec,5,0,no,no,yes,2025-10-09T10:29:05Z,yes
game_bot/default_configs/vBot_4.7/vBot/Dropper.lua,03_modules/lua/game_bot/default_configs/vBot_4.7/vBot/Dropper.md,spec,10,0,no,no,yes,2025-10-09T10:29:05Z,yes
game_bot/default_configs/vBot_4.7/vBot/supplies.lua,03_modules/lua/game_bot/default_configs/vBot_4.7/vBot/supplies.md,spec,56,0,no,no,yes,2025-10-09T10:29:05Z,yes
game_bot/default_configs/vBot_4.7/vBot/npc_talk.lua,03_modules/lua/game_bot/default_configs/vBot_4.7/vBot/npc_talk.md,spec,4,0,no,no,yes,2025-10-09T10:29:05Z,yes
game_bot/default_configs/vBot_4.7/vBot/tools.lua,03_modules/lua/game_bot/default_configs/vBot_4.7/vBot/tools.md,spec,4,0,no,no,yes,2025-10-09T10:29:05Z,yes
game_bot/default_configs/vBot_4.7/vBot/Containers.lua,03_modules/lua/game_bot/default_configs/vBot_4.7/vBot/Containers.md,spec,61,0,no,no,yes,2025-10-09T10:29:05Z,yes
game_bot/default_configs/vBot_4.7/vBot/analyzer.lua,03_modules/lua/game_bot/default_configs/vBot_4.7/vBot/analyzer.md,spec,128,0,no,no,yes,2025-10-09T10:29:05Z,yes
game_bot/default_configs/vBot_4.7/vBot/xeno_menu.lua,03_modules/lua/game_bot/default_configs/vBot_4.7/vBot/xeno_menu.md,spec,5,0,no,no,yes,2025-10-09T10:29:05Z,yes
game_bot/default_configs/vBot_4.7/vBot/configs.lua,03_modules/lua/game_bot/default_configs/vBot_4.7/vBot/configs.md,spec,18,0,no,no,yes,2025-10-09T10:29:05Z,yes
game_bot/default_configs/vBot_4.7/vBot/antiRs.lua,03_modules/lua/game_bot/default_configs/vBot_4.7/vBot/antiRs.md,spec,6,0,no,no,yes,2025-10-09T10:29:05Z,yes
game_bot/default_configs/vBot_4.7/vBot/new_healer.lua,03_modules/lua/game_bot/default_configs/vBot_4.7/vBot/new_healer.md,spec,41,0,no,no,yes,2025-10-09T10:29:05Z,yes
game_bot/default_configs/vBot_4.7/vBot/Equipper.lua,03_modules/lua/game_bot/default_configs/vBot_4.7/vBot/Equipper.md,spec,67,0,no,no,yes,2025-10-09T10:29:05Z,yes
game_bot/default_configs/vBot_4.7/vBot/items.lua,03_modules/lua/game_bot/default_configs/vBot_4.7/vBot/items.md,spec,1,0,no,no,yes,2025-10-09T10:29:05Z,yes
game_bot/default_configs/vBot_4.7/vBot/cast_food.lua,03_modules/lua/game_bot/default_configs/vBot_4.7/vBot/cast_food.md,spec,3,0,no,no,yes,2025-10-09T10:29:05Z,yes
game_bot/default_configs/vBot_4.7/vBot/HealBot.lua,03_modules/lua/game_bot/default_configs/vBot_4.7/vBot/HealBot.md,spec,58,0,no,no,yes,2025-10-09T10:29:05Z,yes
game_bot/default_configs/vBot_4.7/vBot/vlib.lua,03_modules/lua/game_bot/default_configs/vBot_4.7/vBot/vlib.md,spec,101,0,no,no,yes,2025-10-09T10:29:05Z,yes
game_bot/default_configs/vBot_4.7/vBot/ingame_editor.lua,03_modules/lua/game_bot/default_configs/vBot_4.7/vBot/ingame_editor.md,spec,1,0,no,no,yes,2025-10-09T10:29:05Z,yes
game_bot/default_configs/vBot_4.7/vBot/equip.lua,03_modules/lua/game_bot/default_configs/vBot_4.7/vBot/equip.md,spec,3,0,no,no,yes,2025-10-09T10:29:05Z,yes
game_bot/default_configs/vBot_4.7/vBot/depositer_config.lua,03_modules/lua/game_bot/default_configs/vBot_4.7/vBot/depositer_config.md,spec,19,0,no,no,yes,2025-10-09T10:29:05Z,yes
game_bot/default_configs/vBot_4.7/vBot/playerlist.lua,03_modules/lua/game_bot/default_configs/vBot_4.7/vBot/playerlist.md,spec,36,0,no,no,yes,2025-10-09T10:29:05Z,yes
game_bot/default_configs/vBot_4.7/vBot/Sio.lua,03_modules/lua/game_bot/default_configs/vBot_4.7/vBot/Sio.md,spec,23,0,no,no,yes,2025-10-09T10:29:05Z,yes
game_bot/default_configs/vBot_4.7/vBot/cavebot.lua,03_modules/lua/game_bot/default_configs/vBot_4.7/vBot/cavebot.md,spec,3,0,no,no,yes,2025-10-09T10:29:05Z,yes
game_bot/default_configs/vBot_4.7/vBot/quiver_manager.lua,03_modules/lua/game_bot/default_configs/vBot_4.7/vBot/quiver_manager.md,spec,14,0,no,no,yes,2025-10-09T10:29:05Z,yes
game_bot/default_configs/vBot_4.7/vBot/Conditions.lua,03_modules/lua/game_bot/default_configs/vBot_4.7/vBot/Conditions.md,spec,51,0,no,no,yes,2025-10-09T10:29:05Z,yes
game_bot/default_configs/vBot_4.7/vBot/main.lua,03_modules/lua/game_bot/default_configs/vBot_4.7/vBot/main.md,spec,3,0,no,no,yes,2025-10-09T10:29:05Z,yes
game_bot/default_configs/vBot_4.7/vBot/extras.lua,03_modules/lua/game_bot/default_configs/vBot_4.7/vBot/extras.md,spec,49,0,no,no,yes,2025-10-09T10:29:05Z,yes
game_bot/default_configs/vBot_4.7/vBot/hold_target.lua,03_modules/lua/game_bot/default_configs/vBot_4.7/vBot/hold_target.md,spec,3,0,no,no,yes,2025-10-09T10:29:05Z,yes
game_bot/default_configs/vBot_4.7/vBot/new_cavebot_lib.lua,03_modules/lua/game_bot/default_configs/vBot_4.7/vBot/new_cavebot_lib.md,spec,68,0,no,no,yes,2025-10-09T10:29:05Z,yes
game_bot/default_configs/vBot_4.7/vBot/pushmax.lua,03_modules/lua/game_bot/default_configs/vBot_4.7/vBot/pushmax.md,spec,17,0,no,no,yes,2025-10-09T10:29:05Z,yes
game_bot/default_configs/vBot_4.7/vBot/BotServer.lua,03_modules/lua/game_bot/default_configs/vBot_4.7/vBot/BotServer.md,spec,17,0,no,no,yes,2025-10-09T10:29:05Z,yes
game_bot/default_configs/vBot_4.7/vBot/combo.lua,03_modules/lua/game_bot/default_configs/vBot_4.7/vBot/combo.md,spec,34,0,no,no,yes,2025-10-09T10:29:05Z,yes
game_bot/default_configs/vBot_4.7/vBot/quiver_label.lua,03_modules/lua/game_bot/default_configs/vBot_4.7/vBot/quiver_label.md,spec,12,0,no,no,yes,2025-10-09T10:29:05Z,yes
game_bot/default_configs/vBot_4.7/vBot/cavebot_control_panel.lua,03_modules/lua/game_bot/default_configs/vBot_4.7/vBot/cavebot_control_panel.md,spec,3,0,no,no,yes,2025-10-09T10:29:05Z,yes
game_bot/default_configs/vBot_4.7/vBot/depot_withdraw.lua,03_modules/lua/game_bot/default_configs/vBot_4.7/vBot/depot_withdraw.md,spec,10,0,no,no,yes,2025-10-09T10:29:05Z,yes
game_bot/default_configs/cavebot_1.3/cavebot/example_functions.lua,03_modules/lua/game_bot/default_configs/cavebot_1.3/cavebot/example_functions.md,spec,5,0,no,no,yes,2025-10-09T10:29:05Z,yes
game_bot/default_configs/cavebot_1.3/cavebot/walking.lua,03_modules/lua/game_bot/default_configs/cavebot_1.3/cavebot/walking.md,spec,11,0,no,no,yes,2025-10-09T10:29:05Z,yes
game_bot/default_configs/cavebot_1.3/cavebot/config.lua,03_modules/lua/game_bot/default_configs/cavebot_1.3/cavebot/config.md,spec,15,0,no,no,yes,2025-10-09T10:29:05Z,yes
game_bot/default_configs/cavebot_1.3/cavebot/depositer.lua,03_modules/lua/game_bot/default_configs/cavebot_1.3/cavebot/depositer.md,spec,6,0,no,no,yes,2025-10-09T10:29:05Z,yes
game_bot/default_configs/cavebot_1.3/cavebot/cavebot.lua,03_modules/lua/game_bot/default_configs/cavebot_1.3/cavebot/cavebot.md,spec,17,0,no,no,yes,2025-10-09T10:29:05Z,yes
game_bot/default_configs/cavebot_1.3/cavebot/supply.lua,03_modules/lua/game_bot/default_configs/cavebot_1.3/cavebot/supply.md,spec,6,0,no,no,yes,2025-10-09T10:29:05Z,yes
game_bot/default_configs/cavebot_1.3/cavebot/recorder.lua,03_modules/lua/game_bot/default_configs/cavebot_1.3/cavebot/recorder.md,spec,11,0,no,no,yes,2025-10-09T10:29:05Z,yes
game_bot/default_configs/cavebot_1.3/cavebot/actions.lua,03_modules/lua/game_bot/default_configs/cavebot_1.3/cavebot/actions.md,spec,15,0,no,no,yes,2025-10-09T10:29:05Z,yes
game_bot/default_configs/cavebot_1.3/cavebot/extension_template.lua,03_modules/lua/game_bot/default_configs/cavebot_1.3/cavebot/extension_template.md,spec,12,0,no,no,yes,2025-10-09T10:29:05Z,yes
game_bot/default_configs/cavebot_1.3/cavebot/editor.lua,03_modules/lua/game_bot/default_configs/cavebot_1.3/cavebot/editor.md,spec,15,0,no,no,yes,2025-10-09T10:29:05Z,yes
game_bot/default_configs/cavebot_1.3/targetbot/target.lua,03_modules/lua/game_bot/default_configs/cavebot_1.3/targetbot/target.md,spec,33,0,no,no,yes,2025-10-09T10:29:05Z,yes
game_bot/default_configs/cavebot_1.3/targetbot/creature.lua,03_modules/lua/game_bot/default_configs/cavebot_1.3/targetbot/creature.md,spec,17,0,no,no,yes,2025-10-09T10:29:05Z,yes
game_bot/default_configs/cavebot_1.3/targetbot/creature_attack.lua,03_modules/lua/game_bot/default_configs/cavebot_1.3/targetbot/creature_attack.md,spec,7,0,no,no,yes,2025-10-09T10:29:05Z,yes
game_bot/default_configs/cavebot_1.3/targetbot/creature_priority.lua,03_modules/lua/game_bot/default_configs/cavebot_1.3/targetbot/creature_priority.md,spec,3,0,no,no,yes,2025-10-09T10:29:05Z,yes
game_bot/default_configs/cavebot_1.3/targetbot/walking.lua,03_modules/lua/game_bot/default_configs/cavebot_1.3/targetbot/walking.md,spec,4,0,no,no,yes,2025-10-09T10:29:05Z,yes
game_bot/default_configs/cavebot_1.3/targetbot/creature_editor.lua,03_modules/lua/game_bot/default_configs/cavebot_1.3/targetbot/creature_editor.md,spec,9,0,no,no,yes,2025-10-09T10:29:05Z,yes
game_bot/default_configs/cavebot_1.3/targetbot/looting.lua,03_modules/lua/game_bot/default_configs/cavebot_1.3/targetbot/looting.md,spec,49,0,no,no,yes,2025-10-09T10:29:05Z,yes
game_bot/default_configs/vBot_4.8/cavebot/supply_check.lua,03_modules/lua/game_bot/default_configs/vBot_4.8/cavebot/supply_check.md,spec,13,0,no,no,yes,2025-10-09T10:29:05Z,yes
game_bot/default_configs/vBot_4.8/cavebot/example_functions.lua,03_modules/lua/game_bot/default_configs/vBot_4.8/cavebot/example_functions.md,spec,7,0,no,no,yes,2025-10-09T10:29:05Z,yes
game_bot/default_configs/vBot_4.8/cavebot/imbuing.lua,03_modules/lua/game_bot/default_configs/vBot_4.8/cavebot/imbuing.md,spec,6,0,no,no,yes,2025-10-09T10:29:05Z,yes
game_bot/default_configs/vBot_4.8/cavebot/stand_lure.lua,03_modules/lua/game_bot/default_configs/vBot_4.8/cavebot/stand_lure.md,spec,13,0,no,no,yes,2025-10-09T10:29:05Z,yes
game_bot/default_configs/vBot_4.8/cavebot/d_withdraw.lua,03_modules/lua/game_bot/default_configs/vBot_4.8/cavebot/d_withdraw.md,spec,12,0,no,no,yes,2025-10-09T10:29:05Z,yes
game_bot/default_configs/vBot_4.8/cavebot/doors.lua,03_modules/lua/game_bot/default_configs/vBot_4.8/cavebot/doors.md,spec,7,0,no,no,yes,2025-10-09T10:29:05Z,yes
game_bot/default_configs/vBot_4.8/cavebot/withdraw.lua,03_modules/lua/game_bot/default_configs/vBot_4.8/cavebot/withdraw.md,spec,9,0,no,no,yes,2025-10-09T10:29:05Z,yes
game_bot/default_configs/vBot_4.8/cavebot/travel.lua,03_modules/lua/game_bot/default_configs/vBot_4.8/cavebot/travel.md,spec,3,0,no,no,yes,2025-10-09T10:29:05Z,yes
game_bot/default_configs/vBot_4.8/cavebot/walking.lua,03_modules/lua/game_bot/default_configs/vBot_4.8/cavebot/walking.md,spec,11,0,no,no,yes,2025-10-09T10:29:05Z,yes
game_bot/default_configs/vBot_4.8/cavebot/pos_check.lua,03_modules/lua/game_bot/default_configs/vBot_4.8/cavebot/pos_check.md,spec,9,0,no,no,yes,2025-10-09T10:29:05Z,yes
game_bot/default_configs/vBot_4.8/cavebot/sell_all.lua,03_modules/lua/game_bot/default_configs/vBot_4.8/cavebot/sell_all.md,spec,5,0,no,no,yes,2025-10-09T10:29:05Z,yes
game_bot/default_configs/vBot_4.8/cavebot/bank.lua,03_modules/lua/game_bot/default_configs/vBot_4.8/cavebot/bank.md,spec,13,0,no,no,yes,2025-10-09T10:29:05Z,yes
game_bot/default_configs/vBot_4.8/cavebot/config.lua,03_modules/lua/game_bot/default_configs/vBot_4.8/cavebot/config.md,spec,16,0,no,no,yes,2025-10-09T10:29:05Z,yes
game_bot/default_configs/vBot_4.8/cavebot/depositor.lua,03_modules/lua/game_bot/default_configs/vBot_4.8/cavebot/depositor.md,spec,13,0,no,no,yes,2025-10-09T10:29:05Z,yes
game_bot/default_configs/vBot_4.8/cavebot/minimap.lua,03_modules/lua/game_bot/default_configs/vBot_4.8/cavebot/minimap.md,spec,5,0,no,no,yes,2025-10-09T10:29:05Z,yes
game_bot/default_configs/vBot_4.8/cavebot/inbox_withdraw.lua,03_modules/lua/game_bot/default_configs/vBot_4.8/cavebot/inbox_withdraw.md,spec,9,0,no,no,yes,2025-10-09T10:29:05Z,yes
game_bot/default_configs/vBot_4.8/cavebot/buy_supplies.lua,03_modules/lua/game_bot/default_configs/vBot_4.8/cavebot/buy_supplies.md,spec,6,0,no,no,yes,2025-10-09T10:29:05Z,yes
game_bot/default_configs/vBot_4.8/cavebot/cavebot.lua,03_modules/lua/game_bot/default_configs/vBot_4.8/cavebot/cavebot.md,spec,32,0,no,no,yes,2025-10-09T10:29:05Z,yes
game_bot/default_configs/vBot_4.8/cavebot/lure.lua,03_modules/lua/game_bot/default_configs/vBot_4.8/cavebot/lure.md,spec,3,0,no,no,yes,2025-10-09T10:29:05Z,yes
game_bot/default_configs/vBot_4.8/cavebot/tasker.lua,03_modules/lua/game_bot/default_configs/vBot_4.8/cavebot/tasker.md,spec,14,0,no,no,yes,2025-10-09T10:29:05Z,yes
game_bot/default_configs/vBot_4.8/cavebot/clear_tile.lua,03_modules/lua/game_bot/default_configs/vBot_4.8/cavebot/clear_tile.md,spec,8,0,no,no,yes,2025-10-09T10:29:05Z,yes
game_bot/default_configs/vBot_4.8/cavebot/recorder.lua,03_modules/lua/game_bot/default_configs/vBot_4.8/cavebot/recorder.md,spec,12,0,no,no,yes,2025-10-09T10:29:05Z,yes
game_bot/default_configs/vBot_4.8/cavebot/actions.lua,03_modules/lua/game_bot/default_configs/vBot_4.8/cavebot/actions.md,spec,24,0,no,no,yes,2025-10-09T10:29:05Z,yes
game_bot/default_configs/vBot_4.8/cavebot/extension_template.lua,03_modules/lua/game_bot/default_configs/vBot_4.8/cavebot/extension_template.md,spec,12,0,no,no,yes,2025-10-09T10:29:05Z,yes
game_bot/default_configs/vBot_4.8/cavebot/editor.lua,03_modules/lua/game_bot/default_configs/vBot_4.8/cavebot/editor.md,spec,15,0,no,no,yes,2025-10-09T10:29:05Z,yes
game_bot/default_configs/vBot_4.8/targetbot/target.lua,03_modules/lua/game_bot/default_configs/vBot_4.8/targetbot/target.md,spec,39,0,no,no,yes,2025-10-09T10:29:05Z,yes
game_bot/default_configs/vBot_4.8/targetbot/creature.lua,03_modules/lua/game_bot/default_configs/vBot_4.8/targetbot/creature.md,spec,17,0,no,no,yes,2025-10-09T10:29:05Z,yes
game_bot/default_configs/vBot_4.8/targetbot/creature_attack.lua,03_modules/lua/game_bot/default_configs/vBot_4.8/targetbot/creature_attack.md,spec,11,0,no,no,yes,2025-10-09T10:29:05Z,yes
game_bot/default_configs/vBot_4.8/targetbot/creature_priority.lua,03_modules/lua/game_bot/default_configs/vBot_4.8/targetbot/creature_priority.md,spec,3,0,no,no,yes,2025-10-09T10:29:05Z,yes
game_bot/default_configs/vBot_4.8/targetbot/walking.lua,03_modules/lua/game_bot/default_configs/vBot_4.8/targetbot/walking.md,spec,4,0,no,no,yes,2025-10-09T10:29:05Z,yes
game_bot/default_configs/vBot_4.8/targetbot/creature_editor.lua,03_modules/lua/game_bot/default_configs/vBot_4.8/targetbot/creature_editor.md,spec,9,0,no,no,yes,2025-10-09T10:29:05Z,yes
game_bot/default_configs/vBot_4.8/targetbot/looting.lua,03_modules/lua/game_bot/default_configs/vBot_4.8/targetbot/looting.md,spec,50,0,no,no,yes,2025-10-09T10:29:05Z,yes
game_bot/default_configs/vBot_4.8/vBot/AttackBot.lua,03_modules/lua/game_bot/default_configs/vBot_4.8/vBot/AttackBot.md,spec,75,0,no,no,yes,2025-10-09T10:29:05Z,yes
game_bot/default_configs/vBot_4.8/vBot/eat_food.lua,03_modules/lua/game_bot/default_configs/vBot_4.8/vBot/eat_food.md,spec,6,0,no,no,yes,2025-10-09T10:29:05Z,yes
game_bot/default_configs/vBot_4.8/vBot/alarms.lua,03_modules/lua/game_bot/default_configs/vBot_4.8/vBot/alarms.md,spec,12,0,no,no,yes,2025-10-09T10:29:05Z,yes
game_bot/default_configs/vBot_4.8/vBot/spy_level.lua,03_modules/lua/game_bot/default_configs/vBot_4.8/vBot/spy_level.md,spec,4,0,no,no,yes,2025-10-09T10:29:05Z,yes
game_bot/default_configs/vBot_4.8/vBot/exeta.lua,03_modules/lua/game_bot/default_configs/vBot_4.8/vBot/exeta.md,spec,5,0,no,no,yes,2025-10-09T10:29:05Z,yes
game_bot/default_configs/vBot_4.8/vBot/Dropper.lua,03_modules/lua/game_bot/default_configs/vBot_4.8/vBot/Dropper.md,spec,10,0,no,no,yes,2025-10-09T10:29:05Z,yes
game_bot/default_configs/vBot_4.8/vBot/supplies.lua,03_modules/lua/game_bot/default_configs/vBot_4.8/vBot/supplies.md,spec,56,0,no,no,yes,2025-10-09T10:29:05Z,yes
game_bot/default_configs/vBot_4.8/vBot/npc_talk.lua,03_modules/lua/game_bot/default_configs/vBot_4.8/vBot/npc_talk.md,spec,4,0,no,no,yes,2025-10-09T10:29:05Z,yes
game_bot/default_configs/vBot_4.8/vBot/tools.lua,03_modules/lua/game_bot/default_configs/vBot_4.8/vBot/tools.md,spec,4,0,no,no,yes,2025-10-09T10:29:05Z,yes
game_bot/default_configs/vBot_4.8/vBot/Containers.lua,03_modules/lua/game_bot/default_configs/vBot_4.8/vBot/Containers.md,spec,61,0,no,no,yes,2025-10-09T10:29:05Z,yes
game_bot/default_configs/vBot_4.8/vBot/analyzer.lua,03_modules/lua/game_bot/default_configs/vBot_4.8/vBot/analyzer.md,spec,137,0,no,no,yes,2025-10-09T10:29:05Z,yes
game_bot/default_configs/vBot_4.8/vBot/xeno_menu.lua,03_modules/lua/game_bot/default_configs/vBot_4.8/vBot/xeno_menu.md,spec,5,0,no,no,yes,2025-10-09T10:29:05Z,yes
game_bot/default_configs/vBot_4.8/vBot/configs.lua,03_modules/lua/game_bot/default_configs/vBot_4.8/vBot/configs.md,spec,18,0,no,no,yes,2025-10-09T10:29:05Z,yes
game_bot/default_configs/vBot_4.8/vBot/antiRs.lua,03_modules/lua/game_bot/default_configs/vBot_4.8/vBot/antiRs.md,spec,6,0,no,no,yes,2025-10-09T10:29:05Z,yes
game_bot/default_configs/vBot_4.8/vBot/new_healer.lua,03_modules/lua/game_bot/default_configs/vBot_4.8/vBot/new_healer.md,spec,42,0,no,no,yes,2025-10-09T10:29:05Z,yes
game_bot/default_configs/vBot_4.8/vBot/Equipper.lua,03_modules/lua/game_bot/default_configs/vBot_4.8/vBot/Equipper.md,spec,67,0,no,no,yes,2025-10-09T10:29:05Z,yes
game_bot/default_configs/vBot_4.8/vBot/items.lua,03_modules/lua/game_bot/default_configs/vBot_4.8/vBot/items.md,spec,1,0,no,no,yes,2025-10-09T10:29:05Z,yes
game_bot/default_configs/vBot_4.8/vBot/cast_food.lua,03_modules/lua/game_bot/default_configs/vBot_4.8/vBot/cast_food.md,spec,3,0,no,no,yes,2025-10-09T10:29:05Z,yes
game_bot/default_configs/vBot_4.8/vBot/HealBot.lua,03_modules/lua/game_bot/default_configs/vBot_4.8/vBot/HealBot.md,spec,58,0,no,no,yes,2025-10-09T10:29:05Z,yes
game_bot/default_configs/vBot_4.8/vBot/vlib.lua,03_modules/lua/game_bot/default_configs/vBot_4.8/vBot/vlib.md,spec,101,0,no,no,yes,2025-10-09T10:29:05Z,yes
game_bot/default_configs/vBot_4.8/vBot/ingame_editor.lua,03_modules/lua/game_bot/default_configs/vBot_4.8/vBot/ingame_editor.md,spec,1,0,no,no,yes,2025-10-09T10:29:05Z,yes
game_bot/default_configs/vBot_4.8/vBot/equip.lua,03_modules/lua/game_bot/default_configs/vBot_4.8/vBot/equip.md,spec,3,0,no,no,yes,2025-10-09T10:29:05Z,yes
game_bot/default_configs/vBot_4.8/vBot/depositer_config.lua,03_modules/lua/game_bot/default_configs/vBot_4.8/vBot/depositer_config.md,spec,20,0,no,no,yes,2025-10-09T10:29:05Z,yes
game_bot/default_configs/vBot_4.8/vBot/playerlist.lua,03_modules/lua/game_bot/default_configs/vBot_4.8/vBot/playerlist.md,spec,36,0,no,no,yes,2025-10-09T10:29:05Z,yes
game_bot/default_configs/vBot_4.8/vBot/Sio.lua,03_modules/lua/game_bot/default_configs/vBot_4.8/vBot/Sio.md,spec,23,0,no,no,yes,2025-10-09T10:29:05Z,yes
game_bot/default_configs/vBot_4.8/vBot/cavebot.lua,03_modules/lua/game_bot/default_configs/vBot_4.8/vBot/cavebot.md,spec,3,0,no,no,yes,2025-10-09T10:29:05Z,yes
game_bot/default_configs/vBot_4.8/vBot/quiver_manager.lua,03_modules/lua/game_bot/default_configs/vBot_4.8/vBot/quiver_manager.md,spec,14,0,no,no,yes,2025-10-09T10:29:05Z,yes
game_bot/default_configs/vBot_4.8/vBot/Conditions.lua,03_modules/lua/game_bot/default_configs/vBot_4.8/vBot/Conditions.md,spec,51,0,no,no,yes,2025-10-09T10:29:05Z,yes
game_bot/default_configs/vBot_4.8/vBot/main.lua,03_modules/lua/game_bot/default_configs/vBot_4.8/vBot/main.md,spec,3,0,no,no,yes,2025-10-09T10:29:05Z,yes
game_bot/default_configs/vBot_4.8/vBot/extras.lua,03_modules/lua/game_bot/default_configs/vBot_4.8/vBot/extras.md,spec,49,0,no,no,yes,2025-10-09T10:29:05Z,yes
game_bot/default_configs/vBot_4.8/vBot/hold_target.lua,03_modules/lua/game_bot/default_configs/vBot_4.8/vBot/hold_target.md,spec,3,0,no,no,yes,2025-10-09T10:29:05Z,yes
game_bot/default_configs/vBot_4.8/vBot/new_cavebot_lib.lua,03_modules/lua/game_bot/default_configs/vBot_4.8/vBot/new_cavebot_lib.md,spec,68,0,no,no,yes,2025-10-09T10:29:05Z,yes
game_bot/default_configs/vBot_4.8/vBot/pushmax.lua,03_modules/lua/game_bot/default_configs/vBot_4.8/vBot/pushmax.md,spec,17,0,no,no,yes,2025-10-09T10:29:05Z,yes
game_bot/default_configs/vBot_4.8/vBot/BotServer.lua,03_modules/lua/game_bot/default_configs/vBot_4.8/vBot/BotServer.md,spec,25,0,no,no,yes,2025-10-09T10:29:05Z,yes
game_bot/default_configs/vBot_4.8/vBot/combo.lua,03_modules/lua/game_bot/default_configs/vBot_4.8/vBot/combo.md,spec,34,0,no,no,yes,2025-10-09T10:29:05Z,yes
game_bot/default_configs/vBot_4.8/vBot/quiver_label.lua,03_modules/lua/game_bot/default_configs/vBot_4.8/vBot/quiver_label.md,spec,12,0,no,no,yes,2025-10-09T10:29:05Z,yes
game_bot/default_configs/vBot_4.8/vBot/cavebot_control_panel.lua,03_modules/lua/game_bot/default_configs/vBot_4.8/vBot/cavebot_control_panel.md,spec,3,0,no,no,yes,2025-10-09T10:29:05Z,yes
game_bot/default_configs/vBot_4.8/vBot/depot_withdraw.lua,03_modules/lua/game_bot/default_configs/vBot_4.8/vBot/depot_withdraw.md,spec,10,0,no,no,yes,2025-10-09T10:29:05Z,yes
game_battle/battlebutton.otui,04_ui/otui/game_battle/battlebutton.md,ui,5,1,no,yes,yes,2025-10-09T10:29:14Z,yes
game_battle/battle.otui,04_ui/otui/game_battle/battle.md,ui,10,1,no,yes,yes,2025-10-09T10:29:14Z,yes
game_buttons/buttons.otui,04_ui/otui/game_buttons/buttons.md,ui,1,0,no,no,yes,2025-10-09T10:29:14Z,yes
game_spelllist/spelllist.otui,04_ui/otui/game_spelllist/spelllist.md,ui,8,1,no,yes,yes,2025-10-09T10:29:14Z,yes
game_npctrade/npctrade.otui,04_ui/otui/game_npctrade/npctrade.md,ui,6,1,no,yes,yes,2025-10-09T10:29:14Z,yes
client_entergame/entergame.otui,04_ui/otui/client_entergame/entergame.md,ui,1,0,no,no,yes,2025-10-09T10:29:14Z,yes
client_entergame/waitinglist.otui,04_ui/otui/client_entergame/waitinglist.md,ui,1,0,no,no,yes,2025-10-09T10:29:14Z,yes
client_entergame/characterlist.otui,04_ui/otui/client_entergame/characterlist.md,ui,5,1,no,yes,yes,2025-10-09T10:29:14Z,yes
client_options/game.otui,04_ui/otui/client_options/game.md,ui,1,0,no,no,yes,2025-10-09T10:29:14Z,yes
client_options/graphics.otui,04_ui/otui/client_options/graphics.md,ui,1,0,no,no,yes,2025-10-09T10:29:14Z,yes
client_options/audio.otui,04_ui/otui/client_options/audio.md,ui,1,0,no,no,yes,2025-10-09T10:29:14Z,yes
client_options/custom.otui,04_ui/otui/client_options/custom.md,ui,1,0,no,no,yes,2025-10-09T10:29:14Z,yes
client_options/console.otui,04_ui/otui/client_options/console.md,ui,1,0,no,no,yes,2025-10-09T10:29:14Z,yes
client_options/interface.otui,04_ui/otui/client_options/interface.md,ui,1,0,no,no,yes,2025-10-09T10:29:14Z,yes
client_options/options.otui,04_ui/otui/client_options/options.md,ui,7,1,no,yes,yes,2025-10-09T10:29:14Z,yes
client_feedback/feedback.otui,04_ui/otui/client_feedback/feedback.md,ui,1,0,no,no,yes,2025-10-09T10:29:14Z,yes
game_skills/skills.otui,04_ui/otui/game_skills/skills.md,ui,10,1,no,yes,yes,2025-10-09T10:29:14Z,yes
game_console/communicationwindow.otui,04_ui/otui/game_console/communicationwindow.md,ui,6,1,no,yes,yes,2025-10-09T10:29:14Z,yes
game_console/console.otui,04_ui/otui/game_console/console.md,ui,1,0,no,no,yes,2025-10-09T10:29:14Z,yes
game_console/violationwindow.otui,04_ui/otui/game_console/violationwindow.md,ui,1,0,no,no,yes,2025-10-09T10:29:14Z,yes
game_console/channelswindow.otui,04_ui/otui/game_console/channelswindow.md,ui,5,1,no,yes,yes,2025-10-09T10:29:14Z,yes
game_hotkeys/hotkeys_manager.otui,04_ui/otui/game_hotkeys/hotkeys_manager.md,ui,6,1,no,yes,yes,2025-10-09T10:29:14Z,yes
game_questlog/questlogwindow.otui,04_ui/otui/game_questlog/questlogwindow.md,ui,10,1,no,yes,yes,2025-10-09T10:29:14Z,yes
game_viplist/viplist.otui,04_ui/otui/game_viplist/viplist.md,ui,5,1,no,yes,yes,2025-10-09T10:29:14Z,yes
game_viplist/editvip.otui,04_ui/otui/game_viplist/editvip.md,ui,5,1,no,yes,yes,2025-10-09T10:29:14Z,yes
game_viplist/addvip.otui,04_ui/otui/game_viplist/addvip.md,ui,1,0,no,no,yes,2025-10-09T10:29:14Z,yes
game_ruleviolation/ruleviolation.otui,04_ui/otui/game_ruleviolation/ruleviolation.md,ui,7,1,no,yes,yes,2025-10-09T10:29:14Z,yes
game_outfit/outfitwindow.otui,04_ui/otui/game_outfit/outfitwindow.md,ui,5,1,no,yes,yes,2025-10-09T10:29:14Z,yes
client_mobile/mobile.otui,04_ui/otui/client_mobile/mobile.md,ui,1,0,no,no,yes,2025-10-09T10:29:14Z,yes
game_actionbar/hotkey.otui,04_ui/otui/game_actionbar/hotkey.md,ui,1,0,no,no,yes,2025-10-09T10:29:14Z,yes
game_actionbar/object.otui,04_ui/otui/game_actionbar/object.md,ui,5,1,no,yes,yes,2025-10-09T10:29:14Z,yes
game_actionbar/text.otui,04_ui/otui/game_actionbar/text.md,ui,1,0,no,no,yes,2025-10-09T10:29:14Z,yes
game_actionbar/actionbar.otui,04_ui/otui/game_actionbar/actionbar.md,ui,7,1,no,yes,yes,2025-10-09T10:29:14Z,yes
game_actionbar/spell.otui,04_ui/otui/game_actionbar/spell.md,ui,5,1,no,yes,yes,2025-10-09T10:29:14Z,yes
game_actionbar/sideactionbar.otui,04_ui/otui/game_actionbar/sideactionbar.md,ui,7,1,no,yes,yes,2025-10-09T10:29:14Z,yes
game_stats/stats.otui,04_ui/otui/game_stats/stats.md,ui,1,0,no,no,yes,2025-10-09T10:29:14Z,yes
game_modaldialog/modaldialog.otui,04_ui/otui/game_modaldialog/modaldialog.md,ui,9,1,no,yes,yes,2025-10-09T10:29:14Z,yes
game_interface/gameinterface.otui,04_ui/otui/game_interface/gameinterface.md,ui,7,1,no,yes,yes,2025-10-09T10:29:14Z,yes
game_imbuing/imbuing.otui,04_ui/otui/game_imbuing/imbuing.md,ui,9,1,no,yes,yes,2025-10-09T10:29:14Z,yes
game_bugreport/bugreport.otui,04_ui/otui/game_bugreport/bugreport.md,ui,5,1,no,yes,yes,2025-10-09T10:29:14Z,yes
game_itemselector/itemselector.otui,04_ui/otui/game_itemselector/itemselector.md,ui,5,1,no,yes,yes,2025-10-09T10:29:14Z,yes
game_healthinfo/healthinfo.otui,04_ui/otui/game_healthinfo/healthinfo.md,ui,1,0,no,no,yes,2025-10-09T10:29:14Z,yes
game_textmessage/textmessage.otui,04_ui/otui/game_textmessage/textmessage.md,ui,5,1,no,yes,yes,2025-10-09T10:29:14Z,yes
game_topbar/topbar.otui,04_ui/otui/game_topbar/topbar.md,ui,6,1,no,yes,yes,2025-10-09T10:29:14Z,yes
game_playertrade/tradewindow.otui,04_ui/otui/game_playertrade/tradewindow.md,ui,5,1,no,yes,yes,2025-10-09T10:29:14Z,yes
game_cooldown/cooldown.otui,04_ui/otui/game_cooldown/cooldown.md,ui,8,1,no,yes,yes,2025-10-09T10:29:14Z,yes
game_inventory/inventory.otui,04_ui/otui/game_inventory/inventory.md,ui,1,0,no,no,yes,2025-10-09T10:29:14Z,yes
client_locales/locales.otui,04_ui/otui/client_locales/locales.md,ui,6,1,no,yes,yes,2025-10-09T10:29:14Z,yes
game_market/market.otui,04_ui/otui/game_market/market.md,ui,5,1,no,yes,yes,2025-10-09T10:29:14Z,yes
client_terminal/terminal.otui,04_ui/otui/client_terminal/terminal.md,ui,6,1,no,yes,yes,2025-10-09T10:29:14Z,yes
client_textedit/textedit.otui,04_ui/otui/client_textedit/textedit.md,ui,8,1,no,yes,yes,2025-10-09T10:29:14Z,yes
game_prey/prey.otui,04_ui/otui/game_prey/prey.md,ui,21,1,no,yes,yes,2025-10-09T10:29:14Z,yes
game_textwindow/textwindow.otui,04_ui/otui/game_textwindow/textwindow.md,ui,5,1,no,yes,yes,2025-10-09T10:29:14Z,yes
client_stats/stats.otui,04_ui/otui/client_stats/stats.md,ui,6,1,no,yes,yes,2025-10-09T10:29:14Z,yes
game_unjustifiedpoints/unjustifiedpoints.otui,04_ui/otui/game_unjustifiedpoints/unjustifiedpoints.md,ui,6,1,no,yes,yes,2025-10-09T10:29:14Z,yes
client_background/background.otui,04_ui/otui/client_background/background.md,ui,1,0,no,no,yes,2025-10-09T10:29:14Z,yes
updater/updater.otui,04_ui/otui/updater/updater.md,ui,1,0,no,no,yes,2025-10-09T10:29:14Z,yes
game_shop/shop.otui,04_ui/otui/game_shop/shop.md,ui,12,1,no,yes,yes,2025-10-09T10:29:14Z,yes
game_shop/transfer.otui,04_ui/otui/game_shop/transfer.md,ui,1,0,no,no,yes,2025-10-09T10:29:14Z,yes
game_playerdeath/deathwindow.otui,04_ui/otui/game_playerdeath/deathwindow.md,ui,5,1,no,yes,yes,2025-10-09T10:29:14Z,yes
game_minimap/flagwindow.otui,04_ui/otui/game_minimap/flagwindow.md,ui,6,1,no,yes,yes,2025-10-09T10:29:14Z,yes
game_minimap/minimap.otui,04_ui/otui/game_minimap/minimap.md,ui,1,0,no,no,yes,2025-10-09T10:29:14Z,yes
game_bot/edit.otui,04_ui/otui/game_bot/edit.md,ui,1,0,no,no,yes,2025-10-09T10:29:14Z,yes
game_bot/bot.otui,04_ui/otui/game_bot/bot.md,ui,7,1,no,yes,yes,2025-10-09T10:29:14Z,yes
game_interface/styles/countwindow.otui,04_ui/otui/game_interface/styles/countwindow.md,ui,5,1,no,yes,yes,2025-10-09T10:29:14Z,yes
game_market/ui/myoffers.otui,04_ui/otui/game_market/ui/myoffers.md,ui,1,0,no,no,yes,2025-10-09T10:29:14Z,yes
game_market/ui/marketoffers.otui,04_ui/otui/game_market/ui/marketoffers.md,ui,1,0,no,no,yes,2025-10-09T10:29:14Z,yes
game_market/ui/myoffers/offerhistory.otui,04_ui/otui/game_market/ui/myoffers/offerhistory.md,ui,1,0,no,no,yes,2025-10-09T10:29:14Z,yes
game_market/ui/myoffers/itemoffers.otui,04_ui/otui/game_market/ui/myoffers/itemoffers.md,ui,1,0,no,no,yes,2025-10-09T10:29:14Z,yes
game_market/ui/myoffers/currentoffers.otui,04_ui/otui/game_market/ui/myoffers/currentoffers.md,ui,9,1,no,yes,yes,2025-10-09T10:29:14Z,yes
game_market/ui/marketoffers/browse.otui,04_ui/otui/game_market/ui/marketoffers/browse.md,ui,5,1,no,yes,yes,2025-10-09T10:29:14Z,yes
game_market/ui/marketoffers/itemoffers.otui,04_ui/otui/game_market/ui/marketoffers/itemoffers.md,ui,9,1,no,yes,yes,2025-10-09T10:29:14Z,yes
game_market/ui/marketoffers/itemstats.otui,04_ui/otui/game_market/ui/marketoffers/itemstats.md,ui,6,1,no,yes,yes,2025-10-09T10:29:14Z,yes
game_market/ui/marketoffers/itemdetails.otui,04_ui/otui/game_market/ui/marketoffers/itemdetails.md,ui,6,1,no,yes,yes,2025-10-09T10:29:14Z,yes
game_market/ui/marketoffers/overview.otui,04_ui/otui/game_market/ui/marketoffers/overview.md,ui,1,0,no,no,yes,2025-10-09T10:29:14Z,yes
game_market/ui/general/markettabs.otui,04_ui/otui/game_market/ui/general/markettabs.md,ui,10,1,no,yes,yes,2025-10-09T10:29:14Z,yes
game_market/ui/general/marketbuttons.otui,04_ui/otui/game_market/ui/general/marketbuttons.md,ui,5,1,no,yes,yes,2025-10-09T10:29:14Z,yes
game_market/ui/general/amountwindow.otui,04_ui/otui/game_market/ui/general/amountwindow.md,ui,5,1,no,yes,yes,2025-10-09T10:29:14Z,yes
game_market/ui/general/marketcombobox.otui,04_ui/otui/game_market/ui/general/marketcombobox.md,ui,8,1,no,yes,yes,2025-10-09T10:29:14Z,yes
game_bot/ui/icons.otui,04_ui/otui/game_bot/ui/icons.md,ui,5,1,no,yes,yes,2025-10-09T10:29:14Z,yes
game_bot/ui/config.otui,04_ui/otui/game_bot/ui/config.md,ui,5,1,no,yes,yes,2025-10-09T10:29:14Z,yes
game_bot/ui/basic.otui,04_ui/otui/game_bot/ui/basic.md,ui,17,1,no,yes,yes,2025-10-09T10:29:14Z,yes
game_bot/ui/panels.otui,04_ui/otui/game_bot/ui/panels.md,ui,15,1,no,yes,yes,2025-10-09T10:29:14Z,yes
game_bot/ui/container.otui,04_ui/otui/game_bot/ui/container.md,ui,5,1,no,yes,yes,2025-10-09T10:29:14Z,yes
game_bot/default_configs/vBot_4.7/cavebot/config.otui,04_ui/otui/game_bot/default_configs/vBot_4.7/cavebot/config.md,ui,7,1,no,yes,yes,2025-10-09T10:29:14Z,yes
game_bot/default_configs/vBot_4.7/cavebot/cavebot.otui,04_ui/otui/game_bot/default_configs/vBot_4.7/cavebot/cavebot.md,ui,6,1,no,yes,yes,2025-10-09T10:29:14Z,yes
game_bot/default_configs/vBot_4.7/cavebot/editor.otui,04_ui/otui/game_bot/default_configs/vBot_4.7/cavebot/editor.md,ui,6,1,no,yes,yes,2025-10-09T10:29:14Z,yes
game_bot/default_configs/vBot_4.7/targetbot/target.otui,04_ui/otui/game_bot/default_configs/vBot_4.7/targetbot/target.md,ui,7,1,no,yes,yes,2025-10-09T10:29:14Z,yes
game_bot/default_configs/vBot_4.7/targetbot/creature_editor.otui,04_ui/otui/game_bot/default_configs/vBot_4.7/targetbot/creature_editor.md,ui,9,1,no,yes,yes,2025-10-09T10:29:14Z,yes
game_bot/default_configs/vBot_4.7/targetbot/looting.otui,04_ui/otui/game_bot/default_configs/vBot_4.7/targetbot/looting.md,ui,5,1,no,yes,yes,2025-10-09T10:29:14Z,yes
game_bot/default_configs/vBot_4.7/vBot/AttackBot.otui,04_ui/otui/game_bot/default_configs/vBot_4.7/vBot/AttackBot.md,ui,14,1,no,yes,yes,2025-10-09T10:29:14Z,yes
game_bot/default_configs/vBot_4.7/vBot/alarms.otui,04_ui/otui/game_bot/default_configs/vBot_4.7/vBot/alarms.md,ui,5,1,no,yes,yes,2025-10-09T10:29:14Z,yes
game_bot/default_configs/vBot_4.7/vBot/supplies.otui,04_ui/otui/game_bot/default_configs/vBot_4.7/vBot/supplies.md,ui,8,1,no,yes,yes,2025-10-09T10:29:14Z,yes
game_bot/default_configs/vBot_4.7/vBot/analyzer.otui,04_ui/otui/game_bot/default_configs/vBot_4.7/vBot/analyzer.md,ui,25,1,no,yes,yes,2025-10-09T10:29:14Z,yes
game_bot/default_configs/vBot_4.7/vBot/new_healer.otui,04_ui/otui/game_bot/default_configs/vBot_4.7/vBot/new_healer.md,ui,19,1,no,yes,yes,2025-10-09T10:29:14Z,yes
game_bot/default_configs/vBot_4.7/vBot/HealBot.otui,04_ui/otui/game_bot/default_configs/vBot_4.7/vBot/HealBot.md,ui,18,1,no,yes,yes,2025-10-09T10:29:14Z,yes
game_bot/default_configs/vBot_4.7/vBot/equipper.otui,04_ui/otui/game_bot/default_configs/vBot_4.7/vBot/equipper.md,ui,20,1,no,yes,yes,2025-10-09T10:29:14Z,yes
game_bot/default_configs/vBot_4.7/vBot/depositer_config.otui,04_ui/otui/game_bot/default_configs/vBot_4.7/vBot/depositer_config.md,ui,6,1,no,yes,yes,2025-10-09T10:29:14Z,yes
game_bot/default_configs/vBot_4.7/vBot/playerlist.otui,04_ui/otui/game_bot/default_configs/vBot_4.7/vBot/playerlist.md,ui,9,1,no,yes,yes,2025-10-09T10:29:14Z,yes
game_bot/default_configs/vBot_4.7/vBot/Conditions.otui,04_ui/otui/game_bot/default_configs/vBot_4.7/vBot/Conditions.md,ui,10,1,no,yes,yes,2025-10-09T10:29:14Z,yes
game_bot/default_configs/vBot_4.7/vBot/extras.otui,04_ui/otui/game_bot/default_configs/vBot_4.7/vBot/extras.md,ui,9,1,no,yes,yes,2025-10-09T10:29:14Z,yes
game_bot/default_configs/vBot_4.7/vBot/pushmax.otui,04_ui/otui/game_bot/default_configs/vBot_4.7/vBot/pushmax.md,ui,5,1,no,yes,yes,2025-10-09T10:29:14Z,yes
game_bot/default_configs/vBot_4.7/vBot/siolist.otui,04_ui/otui/game_bot/default_configs/vBot_4.7/vBot/siolist.md,ui,6,1,no,yes,yes,2025-10-09T10:29:14Z,yes
game_bot/default_configs/vBot_4.7/vBot/BotServer.otui,04_ui/otui/game_bot/default_configs/vBot_4.7/vBot/BotServer.md,ui,7,1,no,yes,yes,2025-10-09T10:29:14Z,yes
game_bot/default_configs/vBot_4.7/vBot/combo.otui,04_ui/otui/game_bot/default_configs/vBot_4.7/vBot/combo.md,ui,14,1,no,yes,yes,2025-10-09T10:29:14Z,yes
game_bot/default_configs/cavebot_1.3/cavebot/config.otui,04_ui/otui/game_bot/default_configs/cavebot_1.3/cavebot/config.md,ui,7,1,no,yes,yes,2025-10-09T10:29:14Z,yes
game_bot/default_configs/cavebot_1.3/cavebot/cavebot.otui,04_ui/otui/game_bot/default_configs/cavebot_1.3/cavebot/cavebot.md,ui,6,1,no,yes,yes,2025-10-09T10:29:14Z,yes
game_bot/default_configs/cavebot_1.3/cavebot/supply.otui,04_ui/otui/game_bot/default_configs/cavebot_1.3/cavebot/supply.md,ui,6,1,no,yes,yes,2025-10-09T10:29:14Z,yes
game_bot/default_configs/cavebot_1.3/cavebot/editor.otui,04_ui/otui/game_bot/default_configs/cavebot_1.3/cavebot/editor.md,ui,6,1,no,yes,yes,2025-10-09T10:29:14Z,yes
game_bot/default_configs/cavebot_1.3/targetbot/target.otui,04_ui/otui/game_bot/default_configs/cavebot_1.3/targetbot/target.md,ui,7,1,no,yes,yes,2025-10-09T10:29:14Z,yes
game_bot/default_configs/cavebot_1.3/targetbot/creature_editor.otui,04_ui/otui/game_bot/default_configs/cavebot_1.3/targetbot/creature_editor.md,ui,9,1,no,yes,yes,2025-10-09T10:29:14Z,yes
game_bot/default_configs/cavebot_1.3/targetbot/looting.otui,04_ui/otui/game_bot/default_configs/cavebot_1.3/targetbot/looting.md,ui,5,1,no,yes,yes,2025-10-09T10:29:14Z,yes
game_bot/default_configs/vBot_4.8/cavebot/config.otui,04_ui/otui/game_bot/default_configs/vBot_4.8/cavebot/config.md,ui,7,1,no,yes,yes,2025-10-09T10:29:14Z,yes
game_bot/default_configs/vBot_4.8/cavebot/cavebot.otui,04_ui/otui/game_bot/default_configs/vBot_4.8/cavebot/cavebot.md,ui,6,1,no,yes,yes,2025-10-09T10:29:14Z,yes
game_bot/default_configs/vBot_4.8/cavebot/editor.otui,04_ui/otui/game_bot/default_configs/vBot_4.8/cavebot/editor.md,ui,6,1,no,yes,yes,2025-10-09T10:29:14Z,yes
game_bot/default_configs/vBot_4.8/targetbot/target.otui,04_ui/otui/game_bot/default_configs/vBot_4.8/targetbot/target.md,ui,7,1,no,yes,yes,2025-10-09T10:29:14Z,yes
game_bot/default_configs/vBot_4.8/targetbot/creature_editor.otui,04_ui/otui/game_bot/default_configs/vBot_4.8/targetbot/creature_editor.md,ui,9,1,no,yes,yes,2025-10-09T10:29:14Z,yes
game_bot/default_configs/vBot_4.8/targetbot/looting.otui,04_ui/otui/game_bot/default_configs/vBot_4.8/targetbot/looting.md,ui,5,1,no,yes,yes,2025-10-09T10:29:14Z,yes
game_bot/default_configs/vBot_4.8/vBot/AttackBot.otui,04_ui/otui/game_bot/default_configs/vBot_4.8/vBot/AttackBot.md,ui,14,1,no,yes,yes,2025-10-09T10:29:14Z,yes
game_bot/default_configs/vBot_4.8/vBot/alarms.otui,04_ui/otui/game_bot/default_configs/vBot_4.8/vBot/alarms.md,ui,8,1,no,yes,yes,2025-10-09T10:29:14Z,yes
game_bot/default_configs/vBot_4.8/vBot/supplies.otui,04_ui/otui/game_bot/default_configs/vBot_4.8/vBot/supplies.md,ui,8,1,no,yes,yes,2025-10-09T10:29:14Z,yes
game_bot/default_configs/vBot_4.8/vBot/analyzer.otui,04_ui/otui/game_bot/default_configs/vBot_4.8/vBot/analyzer.md,ui,28,1,no,yes,yes,2025-10-09T10:29:14Z,yes
game_bot/default_configs/vBot_4.8/vBot/new_healer.otui,04_ui/otui/game_bot/default_configs/vBot_4.8/vBot/new_healer.md,ui,19,1,no,yes,yes,2025-10-09T10:29:14Z,yes
game_bot/default_configs/vBot_4.8/vBot/HealBot.otui,04_ui/otui/game_bot/default_configs/vBot_4.8/vBot/HealBot.md,ui,18,1,no,yes,yes,2025-10-09T10:29:14Z,yes
game_bot/default_configs/vBot_4.8/vBot/equipper.otui,04_ui/otui/game_bot/default_configs/vBot_4.8/vBot/equipper.md,ui,20,1,no,yes,yes,2025-10-09T10:29:14Z,yes
game_bot/default_configs/vBot_4.8/vBot/depositer_config.otui,04_ui/otui/game_bot/default_configs/vBot_4.8/vBot/depositer_config.md,ui,6,1,no,yes,yes,2025-10-09T10:29:14Z,yes
game_bot/default_configs/vBot_4.8/vBot/playerlist.otui,04_ui/otui/game_bot/default_configs/vBot_4.8/vBot/playerlist.md,ui,9,1,no,yes,yes,2025-10-09T10:29:14Z,yes
game_bot/default_configs/vBot_4.8/vBot/Conditions.otui,04_ui/otui/game_bot/default_configs/vBot_4.8/vBot/Conditions.md,ui,10,1,no,yes,yes,2025-10-09T10:29:14Z,yes
game_bot/default_configs/vBot_4.8/vBot/extras.otui,04_ui/otui/game_bot/default_configs/vBot_4.8/vBot/extras.md,ui,9,1,no,yes,yes,2025-10-09T10:29:14Z,yes
game_bot/default_configs/vBot_4.8/vBot/pushmax.otui,04_ui/otui/game_bot/default_configs/vBot_4.8/vBot/pushmax.md,ui,5,1,no,yes,yes,2025-10-09T10:29:14Z,yes
game_bot/default_configs/vBot_4.8/vBot/siolist.otui,04_ui/otui/game_bot/default_configs/vBot_4.8/vBot/siolist.md,ui,6,1,no,yes,yes,2025-10-09T10:29:14Z,yes
game_bot/default_configs/vBot_4.8/vBot/BotServer.otui,04_ui/otui/game_bot/default_configs/vBot_4.8/vBot/BotServer.md,ui,7,1,no,yes,yes,2025-10-09T10:29:14Z,yes
game_bot/default_configs/vBot_4.8/vBot/combo.otui,04_ui/otui/game_bot/default_configs/vBot_4.8/vBot/combo.md,ui,14,1,no,yes,yes,2025-10-09T10:29:14Z,yes
